frame,orientation_xy_error
0,-0.00021455696199760476
1,1.9249753282232128e-05
2,-0.0007675171004478679
3,5.566755879142366e-05
4,-0.0015173562265066295
5,7.704727272589807e-05
6,-0.00237501512039606
7,7.31363318210083e-05
8,-0.0032941790259764995
9,5.4984173935090425e-05
10,-0.004283321598826678
11,2.9129394793896347e-05
12,-0.005398890455347509
13,-1.83164952729168e-05
14,-0.006654608263413136
15,-8.714176051776694e-05
16,-0.00801877431179674
17,-0.00016678701588421528
18,-0.009482127218946045
19,-0.0002552316761645862
20,-0.011034107972956557
21,-0.00034865432538409825
22,-0.012667622169281157
23,-0.0004427399435169015
24,-0.014376613852105402
25,-0.0005333753828382066
26,-0.0161541517891496
27,-0.0006168313462614365
28,-0.01799357684177528
29,-0.0006897074159621744
30,-0.01988829316098273
31,-0.000749015137108708
32,-0.021831686642916102
33,-0.0007922624926570609
34,-0.02381711179327734
35,-0.0008174787536238818
36,-0.025837867129747987
37,-0.000823206846826142
38,-0.027887235034811404
39,-0.0008084758011723729
40,-0.029958530416959547
41,-0.0007727530313626884
42,-0.032045165629022807
43,-0.0007158946334121349
44,-0.03414070792443925
45,-0.0006380878107135679
46,-0.036238936301792014
47,-0.0005398000345303307
48,-0.038333894525486675
49,-0.0004217316336250157
50,-0.04041994037573233
51,-0.00028477485286820575
52,-0.04249178778281372
53,-0.00012998104392500623
54,-0.044544533208188276
55,4.1474147282451856e-05
56,-0.04657367019691933
57,0.00022832323989408263
58,-0.048575093742931556
59,0.0004292343263656801
60,-0.05054509788284427
61,0.0006428347627117056
62,-0.05248036760039567
63,0.0008677315318636242
64,-0.05437796335468358
65,0.0011025304596925308
66,-0.05623530019753497
67,0.001345853831655949
68,-0.058050127785955946
69,0.0015963541966840873
70,-0.059820511903028895
71,0.0018527229738245236
72,-0.06154480923744038
73,0.0021137028613467876
74,-0.06322163917346328
75,0.002378102167617829
76,-0.06484986756210157
77,0.0026447916025942324
78,-0.06642859460803512
79,0.0029127033608541616
80,-0.06795713635539206
81,0.0031808393111304426
82,-0.06943500784776786
83,0.0034482736850071473
84,-0.07086190845478386
85,0.003714153051540219
86,-0.07223770743714474
87,0.003977695234929693
88,-0.07356243039353115
89,0.004238188960807192
90,-0.07483624773573061
91,0.0044949923800692146
92,-0.07605946292884666
93,0.004747530924163349
94,-0.07723250254687392
95,0.00499529521247993
96,-0.07835590635715853
97,0.005237838294088442
98,-0.07943031299807177
99,0.005474774716201709
100,-0.0804564488582889
101,0.005705779829222463
102,-0.08143512335493959
103,0.005930582934414496
104,-0.0823672232878987
105,0.0061489598491240565
106,-0.08325370490056026
107,0.006360734739357268
108,-0.08409558427884095
109,0.006565781299167131
110,-0.08489393264934637
111,0.006764015411386621
112,-0.08564987160688405
113,0.006955388856299708
114,-0.08636456504843415
115,0.00713989262568215
116,-0.08703921151907526
117,0.007317553473819815
118,-0.08767504009746273
119,0.00748842695235823
120,-0.08827330756118174
121,0.0076525966955146105
122,-0.08883529363197219
123,0.007810170978221916
124,-0.08936229590448122
125,0.007961280937810105
126,-0.08985562479103812
127,0.008106078765701174
128,-0.09031660137828434
129,0.008244733687566952
130,-0.09074655583235405
131,0.008377428412884944
132,-0.09114682498422046
133,0.008504358606276428
134,-0.09151874918267616
135,0.008625731589689762
136,-0.09186367034461596
137,0.00874176306083553
138,-0.09218293131369319
139,0.008852674620582306
140,-0.0924778740901479
141,0.008958692857355458
142,-0.09274983780784722
143,0.00906004870930624
144,-0.09300015735583421
145,0.009156975274820222
146,-0.09323016258277453
147,0.009249705998946077
148,-0.09344117735909095
149,0.009338473613185712
150,-0.09363451900788801
151,0.009423508698570997
152,-0.09381149812805269
153,0.009505039329701767
154,-0.09397341673905213
155,0.009583290334788226
156,-0.09412156867738991
157,0.009658481479351963
158,-0.09425724103051175
159,0.009730825493459013
160,-0.09438170912627326
161,0.009800529900161179
162,-0.09449623266027826
163,0.009867803492578011
164,-0.09460205615559697
165,0.009932846067319761
166,-0.09470041075672538
167,0.009995843382981791
168,-0.09479251334177455
169,0.010056975738587765
170,-0.09487956537191326
171,0.010116417518427739
172,-0.09496274964601752
173,0.010174336620589974
174,-0.09504322647993628
175,0.01023089403086917
176,-0.09512213089797
177,0.010286243227673308
178,-0.09520056980537994
179,0.010340530480522778
180,-0.09527961995480302
181,0.010393895171351064
182,-0.09536032297508396
183,0.0104464696470609
184,-0.09544368171192305
185,0.010498380082552857
186,-0.0955306556379699
187,0.010549746662239054
188,-0.09562215591080912
189,0.010600683293416683
190,-0.09571904167388748
191,0.010651298942984277
192,-0.09582211393644886
193,0.01070169772026715
194,-0.09593210974448528
195,0.010751978823471174
196,-0.09604969680109979
197,0.010802237769698323
198,-0.09617546919818727
199,0.010852567203659624
200,-0.09630994159199456
201,0.010903057343258873
202,-0.09645354317345625
203,0.010953796144513106
204,-0.09660661370289801
205,0.011004870326756191
206,-0.09676939923818809
207,0.011056366837547444
208,-0.09694204823810422
209,0.01110837331284524
210,-0.0971246096217657
211,0.011160978907186385
212,-0.09731702988819943
213,0.011214275428486128
214,-0.0975191504498158
215,0.011268360331677852
216,-0.09773070779102971
217,0.01132333910778891
218,-0.09795133733871811
219,0.011379320867490276
220,-0.09818057714881626
221,0.011436422046635378
222,-0.09841787051280443
223,0.01149477170096313
224,-0.09866257322904769
225,0.01155451151048587
226,-0.09891396224258854
227,0.011615795484328808
228,-0.09917124572162749
229,0.011678789148642763
230,-0.09943357412173628
231,0.01174367829674503
232,-0.0997000515057249
233,0.011810669418339205
234,-0.09996974964877664
235,0.011879986604890851
236,-0.1002417231718752
237,0.011951875102123045
238,-0.10051502581505603
239,0.012026601878480411
240,-0.10078872703584718
241,0.012104456505518798
242,-0.10106192894280451
243,0.012185751106568892
244,-0.10133378340113629
245,0.012270819934114875
246,-0.1016035082893233
247,0.012360019054723637
248,-0.10187040395445782
249,0.012453724743474032
250,-0.10213386664418234
251,0.012552330913634583
252,-0.10239340127116868
253,0.01265624688335752
254,-0.10264863331418964
255,0.012765894390267471
256,-0.10289931771029107
257,0.012881704091013774
258,-0.1031453440210433
259,0.013004107765434507
260,-0.10338674118090871
261,0.013133531516983727
262,-0.10362367953785961
263,0.013270398738583976
264,-0.10385646594896511
265,0.013415122899429317
266,-0.10408554113414388
267,0.013568097736989805
268,-0.10431147201167167
269,0.013729692853581497
270,-0.10453494181045447
271,0.01390024664134192
272,-0.10475673794754177
273,0.014080065758820107
274,-0.10497773461783243
275,0.014269422784142886
276,-0.10519887415799827
277,0.014468552080664804
278,-0.10542114687182896
279,0.014677644548141782
280,-0.1056455694165023
281,0.0148968433371519
282,-0.10587316147785478
283,0.015126244622307205
284,-0.10610492274367075
285,0.015365898039140688
286,-0.10634181247621897
287,0.015615808345255685
288,-0.10658472962699451
289,0.01587593674018555
290,-0.10683449670999297
291,0.0161462008612807
292,-0.10709185146628171
293,0.016426479320444883
294,-0.10735743569121375
295,0.01671661199155887
296,-0.10763179236346404
297,0.01701640134451251
298,-0.10791536548942786
299,0.017325629288924622
300,-0.10820850050756173
301,0.017644058357179936
302,-0.10851145313112348
303,0.01797142808209839
304,-0.10882439432666585
305,0.018307463092541967
306,-0.10914741842830367
307,0.018651876292237208
308,-0.1094805523009329
309,0.019004371790299828
310,-0.10982376356051662
311,0.0193646476255162
312,-0.11017696910822014
313,0.01973239740276241
314,-0.11054004339897494
315,0.020107311805389477
316,-0.11091282495162345
317,0.02048907904775958
318,-0.11129512252813721
319,0.02087738500646255
320,-0.11168672061398285
321,0.021271915285219226
322,-0.11208738388400269
323,0.021672354303083514
324,-0.11249686037398143
325,0.02207838423970614
326,-0.11291488342472307
327,0.022489685886055287
328,-0.11334117510121824
329,0.022905938153768617
330,-0.11377544681029392
331,0.023326816779534635
332,-0.11421739897854359
333,0.023751993546373786
334,-0.11466672093288324
335,0.024181138111971787
336,-0.11512309138006904
337,0.024613917329592713
338,-0.11558617819209843
339,0.02504999362433246
340,-0.11605564039192973
341,0.025489026748401183
342,-0.11653112694052127
343,0.025930670165440543
344,-0.11701227393462725
345,0.02637456358540233
346,-0.11749870003979371
347,0.026820345419799663
348,-0.11799000636645533
349,0.027267655201325226
350,-0.11848578175068786
351,0.027716122917353175
352,-0.1189855991315337
353,0.028165370983800602
354,-0.11948901532500555
355,0.028615014282394675
356,-0.1199955706758876
357,0.02906466009613101
358,-0.12050478779163613
359,0.029513907920763003
360,-0.12101617207161534
361,0.029962348926160974
362,-0.12152921047727883
363,0.03040956586617628
364,-0.12204337077144589
365,0.030855132844565123
366,-0.12255810237622707
367,0.03129861524669973
368,-0.12307283530852493
369,0.0317395695748971
370,-0.12358698121353166
371,0.03217754347476654
372,-0.12409993307807797
373,0.03261207573491065
374,-0.12461106456009084
375,0.03304269595464645
376,-0.12511973128375078
377,0.03346892533450891
378,-0.12562526939765706
379,0.033890277338733836
380,-0.1261269950828168
381,0.03430625817946517
382,-0.1266242058101149
383,0.034716367371410886
384,-0.1271161808887764
385,0.03512009912589847
386,-0.12760218107689764
387,0.03551694399418179
388,-0.12808144797273527
389,0.03590638951569097
390,-0.12855320480047655
391,0.03628792200028866
392,-0.12901665691192274
393,0.036661028511297614
394,-0.12947099120937341
395,0.037025198959592914
396,-0.12991537725542093
397,0.03737992958748265
398,-0.1303489682607499
399,0.03772472338405573
400,-0.13077090018348483
401,0.03805908992216806
402,-0.13118029049528596
403,0.038382554968920804
404,-0.13157624031385107
405,0.03869466235783054
406,-0.131957837924076
407,0.03899497164594212
408,-0.1323241582820265
409,0.039283063054478415
410,-0.1326742643750153
411,0.039558539979483436
412,-0.1330072091357483
413,0.03982103102901255
414,-0.13332203723129493
415,0.04007019246323745
416,-0.13361778890504084
417,0.040305710324168256
418,-0.13389350255491594
419,0.04052730119619655
420,-0.13414821600880272
421,0.04073471473895971
422,-0.13438096990374784
423,0.04092773517506487
424,-0.13459081271120507
425,0.04110618156569166
426,-0.1347768034753029
427,0.04126990887683157
428,-0.13493801615934148
429,0.041418808631569305
430,-0.13507354378971234
431,0.041552809431814886
432,-0.1351825017384351
433,0.04167187777848313
434,-0.13526403331610126
435,0.04177601805367303
436,-0.13531731265313396
437,0.041865272282066296
438,-0.13534154690560704
439,0.041939721763980316
440,-0.1353359817876651
441,0.04199948694617596
442,-0.1352999096344546
443,0.042044722794881584
444,-0.13523266974043338
445,0.04207561879887942
446,-0.13513364787323912
447,0.042092403518639854
448,-0.13500228081773893
449,0.0420953424030585
450,-0.1348380613144925
451,0.042084732902974195
452,-0.13464053951218827
453,0.04206090150048711
454,-0.13440931793405078
455,0.04202420805385617
456,-0.13414405426346154
457,0.041975043930434754
458,-0.13384446114465245
459,0.04191382164824034
460,-0.13351030361707972
461,0.04184097889389941
462,-0.13314140349752807
463,0.041756969101848805
464,-0.13273763561921598
465,0.04166225662939988
466,-0.13229892191931297
467,0.041557321934726624
468,-0.13182523122154205
469,0.041442652822271726
470,-0.13131657524667711
471,0.04131873979197657
472,-0.1307730052844477
473,0.041186072419305726
474,-0.13019461081440797
475,0.041045135958485135
476,-0.12958151711737528
477,0.04089640647702167
478,-0.12893388221991217
479,0.04074034684410599
480,-0.1282518945350391
481,0.040577404188293295
482,-0.12753577209773762
483,0.04040800571746015
484,-0.12678576006903905
485,0.04023255584308573
486,-0.12600212683683376
487,0.04005143655839526
488,-0.12518516846993955
489,0.03986500341312539
490,-0.1243352075386865
491,0.03967357939497249
492,-0.12345258661410426
493,0.03947746172698793
494,-0.12253766722509463
495,0.03927692310666353
496,-0.12159083269193541
497,0.03907220580868377
498,-0.12061248897417107
499,0.038863522963013694
500,-0.11960306341159996
501,0.038651059973153254
502,-0.11856300623599461
503,0.03843497690631921
504,-0.1174927920612282
505,0.03821540936144486
506,-0.11639291844859989
507,0.03799247153562941
508,-0.11526390568800739
509,0.03776626055530013
510,-0.114106302327652
511,0.03753685295308847
512,-0.11292068842352691
513,0.0373043068129035
514,-0.11170767482102105
515,0.03706866799162719
516,-0.11046790502750185
517,0.036829971230091456
518,-0.10920205752369969
519,0.036588241924056596
520,-0.10791084594917502
521,0.036343497396487845
522,-0.10659501617400378
523,0.03609575031016597
524,-0.10525535068881034
525,0.03584501035030636
526,-0.10389267314917315
527,0.035591280810150526
528,-0.10250784406940508
529,0.035334562445044196
530,-0.10110175754298895
531,0.03507485748583526
532,-0.0996753415008854
533,0.03481216858280406
534,-0.09822955663339565
535,0.034546500087904636
536,-0.0967653937766064
537,0.0342778583369771
538,-0.09528387141514126
539,0.03400625243280126
540,-0.09378603295110467
541,0.03373169505983989
542,-0.09227294297053365
543,0.033454202221247314
544,-0.09074568390868964
545,0.0331737943100155
546,-0.08920535179856819
547,0.0328904982144963
548,-0.08765305398305384
549,0.03260434572606435
550,-0.08608990574548252
551,0.032315372440704086
552,-0.08451702475408282
553,0.03202361984209635
554,-0.08293552796899206
555,0.031729136060507555
556,-0.08134652833583178
557,0.03143197521724313
558,-0.07975113068933117
559,0.03113219763506136
560,-0.0781504280788721
561,0.03082987073085532
562,-0.07654550133102245
563,0.030525067421112145
564,-0.07493741498119326
565,0.03021786469928289
566,-0.07332720975462852
567,0.029908348885916026
568,-0.07171590336679358
569,0.029596613853526788
570,-0.0701487461481069
571,0.02938638394545362
572,-0.06856098427020146
573,0.029180870624716828
574,-0.06697991015419456
575,0.029085824802627218
576,-0.06537273079568946
577,0.02899590919578237
578,-0.0637366524333603
579,0.028883839013593187
580,-0.06206622477533978
581,0.028731854180215736
582,-0.06035548143291457
583,0.028530767907398873
584,-0.05860066375988245
585,0.028274054216908675
586,-0.05680003919874144
587,0.027953899046874436
588,-0.054966346224674875
589,0.027563892157021472
590,-0.05311627616264851
591,0.027095586987780303
592,-0.05127606251482847
593,0.026554185376462123
594,-0.04948490122115838
595,0.025944133754748543
596,-0.047787500609228255
597,0.025269534908568394
598,-0.046221002201289677
599,0.02453318062684043
600,-0.04481230961143095
601,0.023745714848554762
602,-0.04360332475631253
603,0.022968131249547587
604,-0.04256236952522542
605,0.022216122768676995
606,-0.041624251209135966
607,0.021465868667213655
608,-0.04076282482267258
609,0.02069034497651966
610,-0.0399822544664474
611,0.01986907533064587
612,-0.03929775087631143
613,0.018993420168310144
614,-0.038716848743432994
615,0.018067047534226513
616,-0.03824356635635611
617,0.01709388001928251
618,-0.03789486202589829
619,0.016110860454550614
620,-0.03763428163027707
621,0.01513203024387812
622,-0.0374179862010131
623,0.014149523443765787
624,-0.037229973096938616
625,0.013147864803481842
626,-0.037079963492961596
627,0.012105359172857095
628,-0.03700118982382717
629,0.011024004986716596
630,-0.03700414044816612
631,0.009926399303478503
632,-0.03703638982666294
633,0.008803176662252447
634,-0.03707737183881791
635,0.007681558231143724
636,-0.03711270422976962
637,0.006553912431419928
638,-0.03716606919356371
639,0.005413701492715156
640,-0.03725929242796701
641,0.004252358920790503
642,-0.03735035816384886
643,0.0030713151733127823
644,-0.03740970967225241
645,0.001875936205816095
646,-0.037438832488508544
647,0.0006782671814364774
648,-0.0374669269926721
649,-0.0005213861430496956
650,-0.037502743282883465
651,-0.0017379965655639079
652,-0.037504650105592084
653,-0.0029729222723779607
654,-0.037463754462981606
655,-0.00420690193802565
656,-0.03740065118966111
657,-0.0054674254361379805
658,-0.03729775971538759
659,-0.006743091523830805
660,-0.0371610968830297
661,-0.008041451455328788
662,-0.0369934097064142
663,-0.009354569661829537
664,-0.036801883239779065
665,-0.01065872702661439
666,-0.03661533106163919
667,-0.011973422244620682
668,-0.03641736281908603
669,-0.013285474217775074
670,-0.03618366258162153
671,-0.01459137132524653
672,-0.03592035908674841
673,-0.015886082645630968
674,-0.035628874147145995
675,-0.01716165240181145
676,-0.03531024455454446
677,-0.018437277505689395
678,-0.03495650875946081
679,-0.01969956071497183
680,-0.03455876570606454
681,-0.020944218632270622
682,-0.03411912477382479
683,-0.022191167646299623
684,-0.03363302814405198
685,-0.023425465067355794
686,-0.03309469808334019
687,-0.024651134130268173
688,-0.03250757084177539
689,-0.02585768158466151
690,-0.031877146086821725
691,-0.027060215664782727
692,-0.03119520803954407
693,-0.028257006485871206
694,-0.030453101241426875
695,-0.029444352633609536
696,-0.029657882840208948
697,-0.030619394345122678
698,-0.02881367471468745
699,-0.031782586632235085
700,-0.027924645760611887
701,-0.0329236097637869
702,-0.02699276467459209
703,-0.03406592443025888
704,-0.026019035713717248
705,-0.035179109896118575
706,-0.02500127288263809
707,-0.0362924310522503
708,-0.02394259060287843
709,-0.03738319299579886
710,-0.022842326043964606
711,-0.038455626510099504
712,-0.021708513347901845
713,-0.039494012237598734
714,-0.020545355567884904
715,-0.04052184795547444
716,-0.019351937481045953
717,-0.04152604794968653
718,-0.01812750679668943
719,-0.042504153947383605
720,-0.01687702514550142
721,-0.043455748280650366
722,-0.015603629754462302
723,-0.044383276139113116
724,-0.014311302740087966
725,-0.045288490993528406
726,-0.013003697710346563
727,-0.04617294255041598
728,-0.011684278322201064
729,-0.04703787828433937
730,-0.010356361165847126
731,-0.04788434542701985
732,-0.009023181014408547
733,-0.04871323892366427
734,-0.007687885049392365
735,-0.04952531776676941
736,-0.0063534747800845824
737,-0.05032122046230881
738,-0.005022762362631169
739,-0.05110154751093264
740,-0.0036984051592217682
741,-0.051866885132988025
742,-0.0023829693752273505
743,-0.05261757981498906
744,-0.0010891639974102616
745,-0.05334802519525661
746,0.000163576643679564
747,-0.05405449239723468
748,0.001359924824705877
749,-0.05473859189567815
750,0.0025192700543071405
751,-0.05540617470794659
752,0.003667362120052813
753,-0.05606349831309766
754,0.004801750470396353
755,-0.056710646386182895
756,0.005919607829187022
757,-0.057347589101066826
758,0.00701793049541596
759,-0.05797417905049235
760,0.008085832326399757
761,-0.05858332473725639
762,0.00910638003457508
763,-0.05917049654539675
764,0.010064935721898163
765,-0.059737902541800544
766,0.010979477810905419
767,-0.060291929881825045
768,0.011874210631432597
769,-0.06083858215564255
770,0.01274599556597414
771,-0.06137673735712764
772,0.013591320996848243
773,-0.06190776201323486
774,0.014408484097768194
775,-0.062431488176853046
776,0.015196654669624995
777,-0.06294710890729888
778,0.01595432993274247
779,-0.06345452257032881
780,0.01668015992076503
781,-0.06395361635860435
782,0.01737292961282328
783,-0.06444428785239534
784,0.018031561900658723
785,-0.06492642893037771
786,0.018655087507220655
787,-0.06539993924390754
788,0.019242622295341415
789,-0.06586473876264434
790,0.01979336430335911
791,-0.0663207461683643
792,0.020306588032328935
793,-0.06676789282748001
794,0.020781653680962683
795,-0.06720609681476049
796,0.021218009612730352
797,-0.06763529084033736
798,0.02161518938954134
799,-0.06805540069675471
800,0.02197280038677183
801,-0.0684664042786153
802,0.02229058044505532
803,-0.06886826230561707
804,0.022568349322372488
805,-0.06926090503139198
806,0.022805885726425328
807,-0.0696443373328887
808,0.023002898870157745
809,-0.07001858815547346
810,0.023159232320616518
811,-0.07038356753737875
812,0.023274951067446367
813,-0.07073916692780305
814,0.023350231349959494
815,-0.0710854081376288
816,0.023385248938380433
817,-0.07142234108411843
818,0.023380185751930068
819,-0.07175000720130212
820,0.023335267606827574
821,-0.07206844283041876
822,0.023250770091518668
823,-0.07237768069001466
824,0.023127017145599296
825,-0.07267775377469794
826,0.022964380122088447
827,-0.07296869795176666
828,0.022761880911674616
829,-0.07325030114712046
830,0.022520126402240905
831,-0.07351353440712122
832,0.022235907092336384
833,-0.07375338571397728
834,0.021897369923703277
835,-0.07397432051813779
836,0.021511614737764098
837,-0.07418306546253395
838,0.02109301865929794
839,-0.07438570501575548
840,0.02064213395482356
841,-0.0745821903118858
842,0.020159355769616746
843,-0.07477239493699141
844,0.019645152172652006
845,-0.07495620888760378
846,0.019100025913611134
847,-0.07513358602509916
848,0.018524941470947846
849,-0.07530336037958392
850,0.017920429805905688
851,-0.07546493476541938
852,0.01728336225264721
853,-0.07560466704360853
854,0.01660675337462585
855,-0.0757137057686522
856,0.015888702491324146
857,-0.07581784000678246
858,0.015128219083042472
859,-0.07588210737919317
860,0.014331604694024794
861,-0.07594343809464799
862,0.013491926175993024
863,-0.07596428258927067
864,0.012603887519857197
865,-0.07593265279572972
866,0.011665274760393782
867,-0.07587014205972538
868,0.01067378875149889
869,-0.0757782808328388
870,0.009628484303655413
871,-0.07563650925957395
872,0.008528456087940015
873,-0.07543851679095492
874,0.0073714079594918444
875,-0.07519015054096222
876,0.00615798680546389
877,-0.07488627290098374
878,0.0048897352770242404
879,-0.07452490184805713
880,0.003566902333190517
881,-0.07410585889148603
882,0.0021833343535988593
883,-0.07361835107434081
884,0.0007408826051718115
885,-0.07308283222881634
886,-0.0007658401174711339
887,-0.0724550970206529
888,-0.0023431668126333723
889,-0.0717032138566296
890,-0.0040411830644357175
891,-0.07081332098234654
892,-0.00582984516879021
893,-0.06979731307440397
894,-0.007653924620152768
895,-0.06867701852417571
896,-0.009464752690811856
897,-0.06749037910453556
898,-0.011245899029690186
899,-0.06627347711746015
900,-0.012997085623300054
901,-0.0650599965160227
902,-0.014713886804878847
903,-0.06387500094932301
904,-0.016394199458518572
905,-0.06273255272255067
906,-0.01803592834900419
907,-0.06164095480944527
908,-0.01963732076960134
909,-0.0606045993541822
910,-0.021197528346039794
911,-0.05962544445383227
912,-0.02271683756693505
913,-0.05870403789187382
914,-0.02419633738896703
915,-0.05783989918700537
916,-0.02563748612750531
917,-0.057031688351386035
918,-0.027042201382046712
919,-0.05627755060747923
920,-0.028412212717547968
921,-0.05557714039675637
922,-0.0297453627731569
923,-0.054916307200000465
924,-0.031042400657793862
925,-0.054282165560403314
926,-0.03231389289472051
927,-0.05367777181174746
928,-0.0335636119356953
929,-0.05311086275534483
930,-0.03478876143000977
931,-0.05258822737075393
932,-0.03598657514548224
933,-0.052095546679692475
934,-0.037155817590866905
935,-0.05161976746427492
936,-0.03830526449308672
937,-0.051163698589440726
938,-0.039437790871260696
939,-0.050734936087760606
940,-0.04054935654040987
941,-0.05033836906289309
942,-0.041639585443622444
943,-0.049971264183299745
944,-0.04270782217433598
945,-0.04963083232884104
946,-0.04375347105415012
947,-0.049314588283901624
948,-0.04477582176474317
949,-0.049020195427894056
950,-0.04577412963037869
951,-0.04874547211571464
952,-0.046747682755420635
953,-0.04848839710200569
954,-0.04769580954341448
955,-0.04824709266798329
956,-0.048617878880027166
957,-0.04801981334086868
958,-0.04951329962657315
959,-0.047804940515652525
960,-0.05038151932300303
961,-0.04760097965904175
962,-0.051222025496751755
963,-0.04740655741832643
964,-0.05203434623495748
965,-0.047220422283785125
966,-0.052818057377496244
967,-0.047041446884162175
968,-0.05357279048042546
969,-0.04686863236194269
970,-0.054298237060419925
971,-0.04670110649814765
972,-0.054994152515850075
973,-0.0465381180255956
974,-0.055660365133084096
975,-0.04637903168438856
976,-0.05629678231614043
977,-0.046223322375283094
978,-0.05690339015830546
979,-0.046070568236040776
980,-0.057480247863183134
981,-0.045920441129599913
982,-0.058027481497938876
983,-0.04577269579520988
984,-0.05854528869900686
985,-0.045627161134714815
986,-0.059033942682155
987,-0.045483735257920585
988,-0.059493787641081215
989,-0.04534237940611691
990,-0.05992523022009639
991,-0.04520310872974601
992,-0.06032873517800253
993,-0.045065985589149406
994,-0.060704820467227825
995,-0.04493111396916602
996,-0.06105405189799874
997,-0.0447986336299121
998,-0.06137703825200746
999,-0.044668715204975944
1000,-0.06167442649331522
1001,-0.04454155575389765
1002,-0.06194689612375505
1003,-0.044417374257394705
1004,-0.06219515356159503
1005,-0.04429640805074156
1006,-0.06241992726694423
1007,-0.04417890975999867
1008,-0.06262196274735189
1009,-0.04406514402988188
1010,-0.06280201581731928
1011,-0.04395538460349512
1012,-0.06296084847838299
1013,-0.04384991183655157
1014,-0.06309922266995505
1015,-0.04374901011656363
1016,-0.06321789385081898
1017,-0.043652964936186325
1018,-0.06331760908595668
1019,-0.043562060529756405
1020,-0.06339910279513991
1021,-0.04347657947273934
1022,-0.06346308974620278
1023,-0.043396800246050804
1024,-0.06351026060672033
1025,-0.04332299397935729
1026,-0.06354127850621297
1027,-0.04325542319542716
1028,-0.06355677406797458
1029,-0.04319434016238562
1030,-0.06355734254517018
1031,-0.04313998474809564
1032,-0.06354354205518552
1033,-0.04309258260749147
1034,-0.0635158906424768
1035,-0.043052344185375964
1036,-0.06347486217656556
1037,-0.04301946314105707
1038,-0.06342088363948294
1039,-0.042994113769468906
1040,-0.0633543349917705
1041,-0.04297644991069728
1042,-0.06327555028257877
1043,-0.04296660447857678
1044,-0.06318481623098478
1045,-0.04296468768514612
1046,-0.06308237250017068
1047,-0.04297078623045838
1048,-0.06296841372422325
1049,-0.04298496348877836
1050,-0.06284309126488226
1051,-0.043007258396182295
1052,-0.06270651597109456
1053,-0.043037685312028125
1054,-0.06255876196778407
1055,-0.043076234679944765
1056,-0.062399871047184516
1057,-0.04312287313045611
1058,-0.062229857420089546
1059,-0.043177544133343404
1060,-0.062048713528824684
1061,-0.04324016927282092
1062,-0.06185641687463383
1063,-0.04331064940824493
1064,-0.06165293661206381
1065,-0.04338886675019887
1066,-0.06143824021074626
1067,-0.04347468645394915
1068,-0.06121230241268124
1069,-0.04356795804523016
1070,-0.0609751123660782
1071,-0.043668517730431455
1072,-0.060703089182775435
1073,-0.0437276505295559
1074,-0.06039239924280868
1075,-0.04373806738283061
1076,-0.0600202770347909
1077,-0.043655225000985357
1078,-0.05959706156174983
1079,-0.043505596556898216
1080,-0.059124406428990715
1081,-0.04329810235732319
1082,-0.058604027816840674
1083,-0.04304157929368497
1084,-0.05803768988321643
1085,-0.042744580866621244
1086,-0.05742721716583806
1087,-0.04241528335172755
1088,-0.05677449650225962
1089,-0.042061428335087366
1090,-0.05608147493763868
1091,-0.04169028505518801
1092,-0.05535015610477271
1093,-0.04130862631801904
1094,-0.054582592467302585
1095,-0.04092271218080736
1096,-0.05378087434828812
1097,-0.04053828289899343
1098,-0.052947117257473156
1099,-0.04016055977527061
1100,-0.052083448052488185
1101,-0.039794251945977806
1102,-0.051191989913650406
1103,-0.03944356905255111
1104,-0.050274460754041746
1105,-0.03911144041319318
1106,-0.04933188534343676
1107,-0.03879899108015705
1108,-0.04836461203382022
1109,-0.03850572369777788
1110,-0.047373081155475304
1111,-0.03823125663484555
1112,-0.04635771528523812
1113,-0.0379751680534705
1114,-0.04531890895329235
1115,-0.03773698178498779
1116,-0.044257030945736825
1117,-0.0375161802569278
1118,-0.04317242387768394
1119,-0.037312210833629796
1120,-0.04206540355389408
1121,-0.037124491343244664
1122,-0.04093625666925669
1123,-0.03695241492028159
1124,-0.03978523817769862
1125,-0.03679535394462863
1126,-0.03861256749494265
1127,-0.036652663372735574
1128,-0.03741842500804238
1129,-0.036523683360858185
1130,-0.03620294990528862
1131,-0.03640774151317973
1132,-0.034982575062684464
1133,-0.03631346327279571
1134,-0.0337765654695506
1135,-0.03624764279779568
1136,-0.032595654774709416
1137,-0.03620806338687781
1138,-0.03145349288608671
1139,-0.03619136867314487
1140,-0.030355714864633808
1141,-0.03619245805685404
1142,-0.02930241656879524
1143,-0.0362094016482962
1144,-0.028293133258371305
1145,-0.036240471859042674
1146,-0.02732712411007433
1147,-0.03628409218312463
1148,-0.02640355448454493
1149,-0.03633881797460053
1150,-0.02552148289429911
1151,-0.036403306498987015
1152,-0.024679864657369755
1153,-0.03647633075964861
1154,-0.02387757978447331
1155,-0.03655677341220066
1156,-0.02311344444819934
1157,-0.03664361897111594
1158,-0.022386212136140633
1159,-0.036735941735883376
1160,-0.021694581117011814
1161,-0.03683289242171917
1162,-0.021037215375589727
1163,-0.03693369197265139
1164,-0.020412761451014894
1165,-0.03703762898302873
1166,-0.019819850670665544
1167,-0.037144051829516064
1168,-0.01925710207503633
1169,-0.03725236090467036
1170,-0.018723132653720703
1171,-0.03736200313395014
1172,-0.018216570009225688
1173,-0.03747246981862219
1174,-0.01773605494294714
1175,-0.03758329284513789
1176,-0.017280243594647412
1177,-0.037694038124973586
1178,-0.016847815413885477
1179,-0.03780430277486763
1180,-0.016437456567115673
1181,-0.03791370918681894
1182,-0.016048456091390287
1183,-0.03802176762819035
1184,-0.015663014009636267
1185,-0.03812811670333789
1186,-0.015248818485502845
1187,-0.03823423962624541
1188,-0.014806334151855479
1189,-0.038343974073408504
1190,-0.014363490300299802
1191,-0.03845798029787927
1192,-0.013939681265304484
1193,-0.038571158008929886
1194,-0.013540837060026541
1195,-0.038680062199154736
1196,-0.013165580385411513
1197,-0.03878470626202995
1198,-0.012812233211271284
1199,-0.03888509611370729
1200,-0.012479188031836464
1201,-0.03898122557837263
1202,-0.012165043728994079
1203,-0.03907307376848246
1204,-0.011868569687113965
1205,-0.039160614283917955
1206,-0.011588647362570315
1207,-0.0392438195041759
1208,-0.011324258153057962
1209,-0.039322659970982575
1210,-0.011074474961933386
1211,-0.0393971041763866
1212,-0.010838462888385636
1213,-0.03946712030584209
1214,-0.010615471759288014
1215,-0.03953267716949101
1216,-0.010404829224570672
1217,-0.039593744688183656
1218,-0.010205938231325904
1219,-0.03965029326441609
1220,-0.010018278795116919
1221,-0.03970229647354244
1222,-0.009841399705529722
1223,-0.03974973204583321
1224,-0.009674906868767609
1225,-0.039792579528680844
1226,-0.009518462333351815
1227,-0.039830818889650184
1228,-0.009371786036306423
1229,-0.03986443385123907
1230,-0.00923464893606178
1231,-0.039893412516625745
1232,-0.00910686263096823
1233,-0.039917743556880075
1234,-0.008988276454619538
1235,-0.03993741687970911
1236,-0.008878775000914286
1237,-0.03995242337422116
1238,-0.008778278860564639
1239,-0.03996275654066838
1240,-0.008686738310528002
1241,-0.039968414881838554
1242,-0.00860411988591958
1243,-0.03996939558809117
1244,-0.008530406658065641
1245,-0.03996569393415712
1246,-0.008465603427325441
1247,-0.039957308117326944
1248,-0.008409728123352014
1249,-0.039944237315231036
1250,-0.008362809537366523
1251,-0.039926481986831894
1252,-0.008324885035551692
1253,-0.03990404370466398
1254,-0.00829599861278505
1255,-0.03987692505918469
1256,-0.008276198098826949
1257,-0.0398451300297733
1258,-0.00826553406867533
1259,-0.03980866439542795
1260,-0.008264057822757968
1261,-0.03976753582571484
1262,-0.008271819211856098
1263,-0.03972175367139766
1264,-0.008288866289102999
1265,-0.03967132928954551
1266,-0.008315243796086407
1267,-0.039616276695478986
1268,-0.008350992697605426
1269,-0.03955661301673365
1270,-0.008396148974936093
1271,-0.039492358138561195
1272,-0.008450740260554642
1273,-0.03942353489029306
1274,-0.00851478659195304
1275,-0.03935016925044634
1276,-0.008588305898281419
1277,-0.03927229057572066
1278,-0.008671315167783014
1279,-0.03918993522594986
1280,-0.008763819757964617
1281,-0.0391031439372944
1282,-0.008865810708050122
1283,-0.0390119587062316
1284,-0.008977272200688636
1285,-0.03891642621797438
1286,-0.009098180844689998
1287,-0.03881659780418004
1288,-0.009228506376875223
1289,-0.03871252943301328
1290,-0.009368210902258079
1291,-0.03860428225827278
1292,-0.009517247931938148
1293,-0.038491922026716134
1294,-0.009675562763227927
1295,-0.03837551888424006
1296,-0.009843092986910535
1297,-0.03825514737542547
1298,-0.01001976819350849
1299,-0.038130886658940585
1300,-0.010205509862969975
1301,-0.038002820318417854
1302,-0.010400232532337449
1303,-0.037871035701469796
1304,-0.010603843373191037
1305,-0.03773562427097979
1306,-0.010816241727672149
1307,-0.037596681038305074
1308,-0.011037320243387163
1309,-0.037454304417974545
1310,-0.011266964270609334
1311,-0.03730859582915773
1312,-0.011505052382518154
1313,-0.03715965980435104
1314,-0.011751457190125568
1315,-0.03700760332087836
1316,-0.01200604516126119
1317,-0.03685253530204794
1318,-0.012268675913749715
1319,-0.03669456696729012
1320,-0.01253920283371266
1321,-0.036533810668640365
1322,-0.01281768856744288
1323,-0.03637046822529655
1324,-0.013103990907405908
1325,-0.03620453121226851
1326,-0.013398310454317833
1327,-0.03603615743189084
1328,-0.01370054920181
1329,-0.035865281121201076
1330,-0.01401061947414835
1331,-0.03569189006985653
1332,-0.014328470956502741
1333,-0.03551599646463103
1334,-0.014654051490486654
1335,-0.035337706908186634
1336,-0.014987172743907491
1337,-0.035157103218241934
1338,-0.015327573684814947
1339,-0.034974241676338
1340,-0.015675034748102595
1341,-0.03478921651423403
1342,-0.01602932231467345
1343,-0.034602127262422525
1344,-0.016390196137484492
1345,-0.034413077489299254
1346,-0.016757412621808028
1347,-0.03422217332130031
1348,-0.017130726757077698
1349,-0.03402952086406201
1350,-0.017509894569338196
1351,-0.033835225419692125
1352,-0.017894672902159237
1353,-0.033639389965773106
1354,-0.01828482084369174
1355,-0.03344211458328331
1356,-0.018680100710250627
1357,-0.033243496060805094
1358,-0.019080277049766867
1359,-0.03304362768786254
1360,-0.01948511749819667
1361,-0.03284259837445015
1362,-0.01989439373578047
1363,-0.032640492351269736
1364,-0.020307881472765445
1365,-0.03243739029118804
1366,-0.020725358131886765
1367,-0.03223336786396078
1368,-0.021146602014489514
1369,-0.032028495537144784
1370,-0.021571394812316676
1371,-0.03182283963440861
1372,-0.021999520355152916
1373,-0.03161646284033939
1374,-0.02243076230701332
1375,-0.03140942369795331
1376,-0.022864800742841064
1377,-0.031201836882201187
1378,-0.023301086014872803
1379,-0.030993821427609963
1380,-0.02373940568001778
1381,-0.030785152780749517
1382,-0.024180388362860253
1383,-0.030575819647386735
1384,-0.02462449239065283
1385,-0.03036632455056106
1386,-0.02507104710659904
1387,-0.030156652022912605
1388,-0.025519248205900357
1389,-0.029946569836818662
1390,-0.025968852557080476
1391,-0.029736102012840434
1392,-0.02641963156899441
1393,-0.029525275163395988
1394,-0.026871378366411486
1395,-0.029314117339923198
1396,-0.02732389510298502
1397,-0.029102653738200666
1398,-0.027776988421423128
1399,-0.028890906178087546
1400,-0.02823046680202681
1401,-0.028678892966772545
1402,-0.02868414069683194
1403,-0.028466629483712143
1404,-0.029137824909744623
1405,-0.02825412690396352
1406,-0.029591335500887894
1407,-0.028041396519955217
1408,-0.030044484052790126
1409,-0.027828448174194855
1410,-0.030497083917814402
1411,-0.027615284003904006
1412,-0.0309489584080492
1413,-0.027401908543967433
1414,-0.03139993373373639
1415,-0.027188327615565895
1416,-0.03184983377431932
1417,-0.026974541621718164
1418,-0.03229830645275636
1419,-0.026760295871461996
1420,-0.0327353127543178
1421,-0.026547670725929732
1422,-0.033158829769195285
1423,-0.026339906996496375
1424,-0.03357744779732047
1425,-0.026139093630283907
1426,-0.03399376294563953
1427,-0.025940851071090947
1428,-0.034409180121537195
1429,-0.025740437753148417
1430,-0.03482363546944753
1431,-0.025538022708887616
1432,-0.035237300423371025
1433,-0.025333878050440184
1434,-0.03565018384595634
1435,-0.02512817860296259
1436,-0.036062116976581474
1437,-0.024921036531771117
1438,-0.036472878093069996
1439,-0.024712520357461652
1440,-0.03688225329980441
1441,-0.024502688228200287
1442,-0.03728986867087262
1443,-0.02429133690293792
1444,-0.03768587674748775
1445,-0.024080498098306265
1446,-0.038068342156557446
1447,-0.0238735889447896
1448,-0.03844575596755561
1449,-0.023672682477031616
1450,-0.03882054713308821
1451,-0.023474008210867675
1452,-0.03919411121841187
1453,-0.023272845860839178
1454,-0.03956633492131865
1455,-0.023069318161446275
1456,-0.0399373063185783
1457,-0.022863677806279067
1458,-0.04030696786913063
1459,-0.022656102335257618
1460,-0.04067510628088257
1461,-0.02244672021599597
1462,-0.04104146454806242
1463,-0.02223562310291168
1464,-0.041405799352013835
1465,-0.022022899621309357
1466,-0.04176788601579701
1467,-0.021808637894653225
1468,-0.042127515497750775
1469,-0.021592924046615967
1470,-0.042484491370170074
1471,-0.021375841722950668
1472,-0.04283862958801346
1473,-0.02115747202645882
1474,-0.043189757478012354
1475,-0.020937893714723353
1476,-0.043537712313317795
1477,-0.02071718353645902
1478,-0.04388234379475716
1479,-0.020495416691626796
1480,-0.0442235106653981
1481,-0.020272668393184024
1482,-0.044561075122119174
1483,-0.020049010617076226
1484,-0.04489490727752215
1485,-0.019824512945713895
1486,-0.04522488508389284
1487,-0.01959924481477338
1488,-0.04555089197285354
1489,-0.01937327359425213
1490,-0.04587281938473852
1491,-0.01914666597835662
1492,-0.04619056502429236
1493,-0.018919487974718877
1494,-0.046504031129704027
1495,-0.018691804540969196
1496,-0.046813125244168925
1497,-0.018463679987590027
1498,-0.04711775946242831
1499,-0.01823517785268606
1500,-0.04741785056498837
1501,-0.01800636083679462
1502,-0.047713320185774614
1503,-0.017777291296057325
1504,-0.04800409332407087
1505,-0.017548031251077335
1506,-0.04829009954735443
1507,-0.017318642083329883
1508,-0.04857127231625403
1509,-0.017089184841927483
1510,-0.04884754833246832
1511,-0.01685972025194479
1512,-0.04911886725059588
1513,-0.016630308830969703
1514,-0.04938517246933165
1515,-0.016401010784911046
1516,-0.04964641059371466
1517,-0.01617188594977509
1518,-0.04990253154659225
1519,-0.015942994248513857
1520,-0.050153489772766124
1521,-0.01571439604081554
1522,-0.050399241781599685
1523,-0.01548615195177301
1524,-0.05063974256793716
1525,-0.015258320884314149
1526,-0.050874947768569524
1527,-0.015030960440437622
1528,-0.05110482083328178
1529,-0.014804129294897118
1530,-0.05132933150863861
1531,-0.014577887483904614
1532,-0.05154845138522091
1533,-0.0143522952876533
1534,-0.051762152999802205
1535,-0.014127413031333278
1536,-0.051970408753386446
1537,-0.013903299837070482
1538,-0.05217319352397342
1539,-0.013680014344566302
1540,-0.0523704864051726
1541,-0.013457616634434753
1542,-0.052562265850816796
1543,-0.013236165753630746
1544,-0.05274851073613887
1545,-0.013015720118978799
1546,-0.05292920433850945
1547,-0.012796338515401741
1548,-0.05310433178311179
1549,-0.01257807964326217
1550,-0.05327387984429391
1551,-0.012361002410101884
1552,-0.05343783621447958
1553,-0.012145165036110161
1554,-0.053596189623838573
1555,-0.011930625163544813
1556,-0.053748933827163524
1557,-0.011717441676408235
1558,-0.05389606261624499
1559,-0.011505672984027368
1560,-0.05403756932404561
1561,-0.011295376543151055
1562,-0.05417345011700685
1563,-0.011086609868625832
1564,-0.054303702262338334
1565,-0.010879429955167223
1566,-0.05442832543107802
1567,-0.010673893802102265
1568,-0.05454731974215254
1569,-0.010470058355834313
1570,-0.05466068416684023
1571,-0.010267979853876162
1572,-0.054768417845398994
1573,-0.010067713936038197
1574,-0.05487052116016012
1575,-0.009869315472195021
1576,-0.05496675917196131
1577,-0.009672776157947713
1578,-0.05504814814515665
1579,-0.009479160365061622
1580,-0.05511318477218104
1581,-0.009290565094831804
1582,-0.05517044635902002
1583,-0.009109316459173324
1584,-0.05522243474598257
1585,-0.008932957874894877
1586,-0.0552702389718531
1587,-0.008757669816607671
1588,-0.05531384187150432
1589,-0.008583604472662243
1590,-0.055353360719131724
1591,-0.008411067786592607
1592,-0.05538883944657863
1593,-0.008240284851777538
1594,-0.05542018586380264
1595,-0.008071405530488324
1596,-0.05544725854461574
1597,-0.007904521645892091
1598,-0.05546993078526792
1599,-0.007739718109763117
1600,-0.05548789305919779
1601,-0.007577039411681876
1602,-0.05549212425274045
1603,-0.007417420455594644
1604,-0.05548094514219329
1605,-0.007262825950380193
1606,-0.0554628894210242
1607,-0.0071156564081301145
1608,-0.05544049440210843
1609,-0.006973621369047141
1610,-0.05541474975892556
1611,-0.006833032158212925
1612,-0.055385573334172405
1613,-0.006694050414821698
1614,-0.05535301652179362
1615,-0.006556991344286856
1616,-0.05531708196659648
1617,-0.006422090011915886
1618,-0.05527764107854684
1619,-0.006289503129914311
1620,-0.05523451741993802
1621,-0.006159324860146997
1622,-0.05518755321549103
1623,-0.006031641150889161
1624,-0.05513661261542431
1625,-0.005906532236812493
1626,-0.0550815769346619
1627,-0.0057840722703752945
1628,-0.05502234311754077
1629,-0.005664330119329502
1630,-0.054958821802437365
1631,-0.005547369643990835
1632,-0.05489108083881989
1633,-0.0054332906462670714
1634,-0.05481932921567768
1635,-0.005322265947794357
1636,-0.054743646220218586
1637,-0.005214552406640778
1638,-0.054663804408855855
1639,-0.005110267662295587
1640,-0.05457930234714335
1641,-0.005009512656254281
1642,-0.054480352519220065
1643,-0.004912766236423276
1644,-0.05435604749970758
1645,-0.004822427764910328
1646,-0.054213917229363834
1647,-0.004742493567554764
1648,-0.05406446446122329
1649,-0.004672586436753353
1650,-0.05391086889178762
1651,-0.0046068029593738825
1652,-0.053755065411862764
1653,-0.00454209588699025
1654,-0.053597698205827465
1655,-0.00447914466554147
1656,-0.053439360491735644
1657,-0.0044187368846611095
1658,-0.053279854620772234
1659,-0.00436129882188033
1660,-0.05311840657801012
1661,-0.004306941732718259
1662,-0.052953703570976285
1663,-0.004255350628111025
1664,-0.05278428418530616
1665,-0.004206009324416192
1666,-0.05260979065508337
1667,-0.004158662975753576
1668,-0.05243153640670193
1669,-0.004113714128186937
1670,-0.052250621112576195
1671,-0.004071723434363635
1672,-0.05206691556839035
1673,-0.004032784657625009
1674,-0.05188026486992452
1675,-0.0039969462053703105
1676,-0.05169057095146748
1677,-0.003964273724742486
1678,-0.05149772026295518
1679,-0.0039348204438665975
1680,-0.05130160941817278
1681,-0.003908632684352569
1682,-0.0511021480382159
1683,-0.0038857507444837545
1684,-0.050899260170835896
1685,-0.0038662120512075356
1686,-0.05069287884786575
1687,-0.0038500510991065252
1688,-0.050482943408731926
1689,-0.003837298606855411
1690,-0.050269399999823154
1691,-0.0038279818766379647
1692,-0.05005220212805112
1693,-0.0038221260539836226
1694,-0.049831310316564965
1695,-0.003819754165053231
1696,-0.04960669112043336
1697,-0.0038208872495344576
1698,-0.0493783174358264
1699,-0.0038255449627591248
1700,-0.04914616802308253
1701,-0.003833745569411977
1702,-0.048910226565261526
1703,-0.0038455060089721094
1704,-0.04867048059083956
1705,-0.0038608412408637416
1706,-0.04842692081342044
1707,-0.003879764422580371
1708,-0.04817954229955541
1709,-0.003902287821034532
1710,-0.04792834349757626
1711,-0.00392842208560767
1712,-0.0476733265273819
1713,-0.003958176963395714
1714,-0.047414498443077914
1715,-0.003991562229951441
1716,-0.04715186909471884
1717,-0.004028586548697711
1718,-0.04688544632764051
1719,-0.004069256103589896
1720,-0.04661523842970421
1721,-0.004113575130705011
1722,-0.04634125834433074
1723,-0.004161547474707893
1724,-0.04606352054129143
1725,-0.004213175468425113
1726,-0.045782040887815276
1727,-0.004268460384792147
1728,-0.045496837397206606
1729,-0.004327402299655295
1730,-0.04520792959609671
1731,-0.004389999804328567
1732,-0.0449153373964412
1733,-0.004456250516721609
1734,-0.044619081663741886
1735,-0.0045261507687627415
1736,-0.04431918426910526
1737,-0.004599695933987251
1738,-0.04401566797019191
1739,-0.004676880119579895
1740,-0.04370855667961421
1741,-0.004757695825410428
1742,-0.043397874981158456
1743,-0.00484213476798956
1744,-0.043083648619447516
1745,-0.004930187247732348
1746,-0.042765904178032804
1747,-0.005021842332996203
1748,-0.04244466848265421
1749,-0.005117088290201772
1750,-0.04211996870860984
1751,-0.005215912110476118
1752,-0.04179183225508088
1753,-0.005318299337705301
1754,-0.041460286694150576
1755,-0.0054242339441888015
1756,-0.041125359726575016
1757,-0.0055336984105001956
1758,-0.0407870808801588
1759,-0.005646674542648162
1760,-0.0404454823820512
1761,-0.00576314385204326
1762,-0.04010059719429424
1763,-0.005883087360552013
1764,-0.039752455964883644
1765,-0.006006484228930723
1766,-0.03940108741294543
1767,-0.00613331140228104
1768,-0.03904652174395482
1769,-0.00626354504318699
1770,-0.03868879168025806
1771,-0.0063971605602817115
1772,-0.03832792962545431
1773,-0.006534132501840879
1774,-0.03796396697635762
1775,-0.0066744340532432014
1776,-0.03759693547277305
1777,-0.006818036479415704
1778,-0.03722686860549247
1779,-0.0069649103465020965
1780,-0.03685380074850961
1781,-0.007115025799994005
1782,-0.036477766138910205
1783,-0.007268352083329382
1784,-0.036098799976238084
1785,-0.007424857465064662
1786,-0.03571693597168156
1787,-0.007584508709934662
1788,-0.03533220712949131
1789,-0.007747270999342572
1790,-0.03494464857226689
1791,-0.00791310851426739
1792,-0.03455429615825943
1793,-0.008081985148854286
1794,-0.034161184846318846
1795,-0.0082538636389784
1796,-0.033765349835645636
1797,-0.00842870554330911
1798,-0.03336682682967103
1799,-0.008606471679868038
1800,-0.03296565181634906
1801,-0.008787121969587785
1802,-0.03256186043517345
1803,-0.008970615027768051
1804,-0.03215548847074313
1805,-0.009156908737463018
1806,-0.031746572257892715
1807,-0.009345960272947264
1808,-0.0313351477232965
1809,-0.009537725589936676
1810,-0.03092125069007285
1811,-0.009732159935569277
1812,-0.030504917462146165
1813,-0.00992921750785982
1814,-0.030086184524847834
1815,-0.010128851658888332
1816,-0.029665088411969867
1817,-0.01033101524883465
1818,-0.02924166551198989
1819,-0.01053566002865605
1820,-0.028815952868266426
1821,-0.010742736958327495
1822,-0.028387986394012667
1823,-0.010952195940964861
1824,-0.027957801577326535
1825,-0.011163985991573954
1826,-0.02752543481662942
1827,-0.011378055595324304
1828,-0.0270909224264377
1829,-0.011594352328034177
1830,-0.026654301019295685
1831,-0.011812823098529228
1832,-0.02621560697007697
1833,-0.012033414205186914
1834,-0.02577487649778805
1835,-0.012256071110434797
1836,-0.025332146118327657
1837,-0.012480738796792649
1838,-0.024887451862121282
1839,-0.012707361301086384
1840,-0.02444083024211436
1841,-0.012935882332796694
1842,-0.02399231826652059
1843,-0.013166245449821068
1844,-0.02354195192413599
1845,-0.013398393362560266
1846,-0.023089764794924972
1847,-0.013632267261473442
1848,-0.022635789964706218
1849,-0.013867806848191777
1850,-0.022180062693829414
1851,-0.01410495158762723
1852,-0.021722620510837894
1853,-0.014343641239840554
1854,-0.021263500956954434
1855,-0.014583815575172366
1856,-0.020802739633132828
1857,-0.014825413426353823
1858,-0.020340372094963612
1859,-0.015068372972561576
1860,-0.01987643390373264
1861,-0.015312631745439152
1862,-0.019410960404822736
1863,-0.015558126926651667
1864,-0.01894398812771623
1865,-0.01580479596627729
1866,-0.018475553444717983
1867,-0.016052575729076965
1868,-0.018005690081847422
1869,-0.016301401914216904
1870,-0.01753442917039989
1871,-0.016551208861316318
1872,-0.01706180491591378
1873,-0.016801930323998352
1874,-0.016587855723420895
1875,-0.0170535012305819
1876,-0.016112618425455014
1877,-0.0173058563764651
1878,-0.015636129924583766
1879,-0.017558930254547737
1880,-0.015158427042504015
1881,-0.017812657131256907
1882,-0.014679543498324912
1883,-0.018066970204405605
1884,-0.014199511191772247
1885,-0.018321801036380793
1886,-0.01371836571221771
1887,-0.018577081390396585
1888,-0.013236144927234145
1889,-0.0188327443119264
1890,-0.012752885998248352
1891,-0.019088721938087003
1892,-0.01226862765043294
1893,-0.019344946695224557
1894,-0.011783407126225985
1895,-0.019601350821625056
1896,-0.011297260611047747
1897,-0.019857865904671743
1898,-0.010810225410677202
1899,-0.020114423822823798
1900,-0.01032233913037575
1901,-0.020370955950605285
1902,-0.009833639551441906
1903,-0.020627393435551068
1904,-0.009344164261624368
1905,-0.020883667591054242
1906,-0.008853950899080476
1907,-0.021139709649639675
1908,-0.008363038281924652
1909,-0.021395450757806925
1910,-0.007871465579137022
1911,-0.021650821836078065
1912,-0.007379271642257377
1913,-0.021905753961746585
1914,-0.006886495634029591
1915,-0.022160178596326748
1916,-0.006393175611596075
1917,-0.02241402669291136
1918,-0.0058993492302311205
1919,-0.022667229761399624
1920,-0.0054050538055520955
1921,-0.02291972027208098
1922,-0.004910327297287706
1923,-0.023171431054703012
1924,-0.0044152077337995
1925,-0.02342229547560157
1926,-0.003919733046265751
1927,-0.023672247341815198
1928,-0.003423942583305496
1929,-0.023921220779428383
1930,-0.0029278766960914773
1931,-0.02416915079972009
1932,-0.0024315745633952785
1933,-0.02441597231660941
1934,-0.001935072906173316
1935,-0.024661619412551072
1936,-0.001438409931099949
1937,-0.024906027079440077
1938,-0.000941625676079145
1939,-0.025149130193021323
1940,-0.0004447572297522154
1941,-0.025390862909394164
1942,5.216090686472101e-05
1943,-0.02563115817059365
1944,0.0005490876179070657
1945,-0.02586995051959301
1946,0.0010459779452726312
1947,-0.02610717678882942
1948,0.0015427914120698018
1949,-0.026342772150667885
1950,0.002039487578141133
1951,-0.026576672195354138
1952,0.002536025321713895
1953,-0.026808813214216593
1954,0.003032362867665168
1955,-0.027039132090141558
1956,0.0035284584653184218
1957,-0.027267565844070977
1958,0.004024270597759449
1959,-0.0274940515103909
1960,0.004519757828079232
1961,-0.027718526772498784
1962,0.005014877331320115
1963,-0.027940929950469293
1964,0.0055095854580323855
1965,-0.028161200303718992
1966,0.006003839659162511
1967,-0.028379277908079304
1968,0.0064975976014717005
1969,-0.028595102850620953
1970,0.00699081616109678
1971,-0.028808615681104658
1972,0.0074834523437811344
1973,-0.029019758175007685
1974,0.007975463213337223
1975,-0.02922847281681322
1976,0.008466805533800855
1977,-0.029434702931076754
1978,0.008957436443019154
1979,-0.029638392690523728
1980,0.009447315812462494
1981,-0.029839493048242564
1982,0.009936404343823159
1983,-0.030037958163164246
1984,0.010424662923654128
1985,-0.030233745890094595
1986,0.01091205072103761
1987,-0.030426809166875644
1988,0.011398527121357879
1989,-0.030617099893442874
1990,0.011884051571900733
1991,-0.03080456835327667
1992,0.012368586422044126
1993,-0.030989168895731913
1994,0.012852094435257616
1995,-0.03117085790647856
1996,0.013334539037894194
1997,-0.031349593283047525
1998,0.01381588548280072
1999,-0.03152533461075704
