frame,reward_tracking_lin_vel,reward_tracking_ang_vel,reward_tracking_height,cost_lin_vel_z,cost_ang_vel_xy,cost_joint_velocity,cost_action_nn,cost_action_rate,cost_feet_slip,cost_leg_base_angle,cost_orientation
0,0.001930454136227711,0.5,0.0999695647115151,-0.0,-0.0,-1.7696318229836685e-06,-0.0,-0.0,-1.1899700723006973e-09,-9.989545908051147e-09,-1.4619803761004648e-11
1,0.001972413857822022,0.4999999999968282,0.09996981001692387,-1.8730847248113097e-06,-7.505479350661912e-08,-5.533489036903774e-06,-0.0,-0.0,-2.2961164190679886e-09,-9.760570383230214e-09,-1.9932625178916312e-10
2,0.002011262395929889,0.49999999998383066,0.09997048190118933,-6.337536700915806e-06,-1.8888926177975157e-07,-1.0545995283974817e-05,-0.0,-0.0,-2.486101095619351e-09,-9.38777904418614e-09,-7.676279717333965e-10
3,0.002048341105634207,0.499999999965516,0.09997147600329682,-1.1783290671537238e-05,-2.601213012366594e-07,-1.688563020454469e-05,-0.0,-0.0,-2.056800879315514e-09,-8.891299242602764e-09,-1.8068695709428766e-09
4,0.002083965963455333,0.49999999994558436,0.09997269878322854,-1.7254705156588965e-05,-2.737732005331263e-07,-2.491371852811522e-05,-0.0,-0.0,-1.416715746427865e-09,-8.300838912219586e-09,-3.251476062776934e-09
5,0.002118460696456946,0.4999999999258751,0.09997407379834887,-2.222364162780304e-05,-2.4222357341531084e-07,-3.499503780778442e-05,-0.0,-0.0,-8.271065873325037e-10,-7.64956664631878e-09,-4.927874309209246e-09
6,0.0021520946630995495,0.4999999999075415,0.09997553998650105,-2.6428517257690292e-05,-1.8550553393836205e-07,-4.738052470428599e-05,-0.0,-0.0,-3.974214762918788e-10,-6.96991857983639e-09,-6.615400196477146e-09
7,0.002185091039324263,0.499999999891572,0.0999770495114921,-2.9770398240070706e-05,-1.2217654157553975e-07,-6.217539604984841e-05,-0.0,-0.0,-1.4050842161846234e-10,-6.2900315454686605e-09,-8.098618216115326e-09
8,0.002217633619515452,0.49999999987813826,0.09997856560210046,-3.224652998228246e-05,-6.593660209290909e-08,-7.935058149495846e-05,-0.0,-0.0,-2.3674798803512644e-11,-5.632454670086969e-09,-9.20302226352449e-09
9,0.0022498745706122083,0.49999999986786,0.0999800605644341,-3.390860498826621e-05,-2.5127603280874495e-08,-9.876982118671112e-05,-0.0,-0.0,-1.505758770626019e-12,-5.013328241661758e-09,-9.814081288701605e-09
10,0.002281938215506573,0.4999999998593886,0.0999815140409549,-3.4836657892922e-05,-3.507841752324431e-09,-0.00012022309778331216,-0.0,-0.0,-3.2616222270583525e-11,-4.442217444717697e-09,-9.882856044351982e-09
11,0.002313928157149413,0.4999999998532768,0.09998291152896449,-3.5122757860190606e-05,-1.4335284881913775e-09,-0.00014345554551847416,-0.0,-0.0,-8.590940139383122e-11,-3.923839042551269e-09,-9.42223095201702e-09
12,0.002345930538525138,0.49999999984954735,0.09998424314717916,-3.48614757523276e-05,-1.7029734204920552e-08,-0.00016819157044755181,-0.0,-0.0,-1.4117089392765298e-10,-3.45932951265509e-09,-8.497493254089625e-09
13,0.0023780178382503884,0.4999999998474768,0.0999855026256826,-3.4144229649431846e-05,-4.71675156056728e-08,-0.00019415427473871963,-0.0,-0.0,-1.8719304667404737e-10,-3.047162811351881e-09,-7.2142054952898395e-09
14,0.0024102532700473822,0.49999999984664045,0.09998668648823883,-3.305628759032967e-05,-8.820034220830462e-08,-0.00022107605951555276,-0.0,-0.0,-2.192281154258125e-10,-2.6840528958760143e-09,-5.705501910801776e-09
15,0.0024426911295674495,0.49999999984689053,0.09998779339685318,-3.1675332860926475e-05,-1.3646926381884515e-07,-0.00024870844939658,-0.0,-0.0,-2.366438142802838e-10,-2.365805970445215e-09,-4.12017979936409e-09
16,0.002475380852322822,0.499999999848073,0.09998882362934869,-3.00708297890253e-05,-1.886210791700671e-07,-0.0002768254742437781,-0.0,-0.0,-2.410957912211112e-10,-2.0878471874277513e-09,-2.61236556040145e-09
17,0.0025083675501831326,0.4999999998499066,0.09998977866625455,-2.8304230298687064e-05,-2.4177937189556585e-07,-0.00030523194612644243,-0.0,-0.0,-2.3544480951150315e-10,-1.845603890918031e-09,-1.3330800594119974e-09
18,0.0025416905629466664,0.4999999998517488,0.09999066086210122,-2.642891985225223e-05,-2.9367789776953527e-07,-0.000333809782437944,-0.0,-0.0,-2.2701956249917421e-10,-1.6346738478326057e-09,-4.235480185956618e-10
19,0.002575368040841077,0.4999999998525419,0.0999914731169019,-2.449014074488009e-05,-3.431087535562571e-07,-0.000362459666269675,-0.0,-0.0,-2.2067029878523884e-10,-1.451018939795537e-09,-1.2184058833102568e-11
20,0.0026094205617023807,0.4999999998526552,0.09999221864338002,-2.2528091902006843e-05,-3.893174643903773e-07,-0.00039107166388708007,-0.0,-0.0,-2.1734499137709263e-10,-1.2910435482265144e-09,-2.133342722378429e-10
21,0.0026438839825684225,0.499999999852065,0.09999290092171939,-2.0578024202732946e-05,-4.316078804801298e-07,-0.0004195292943285233,-0.0,-0.0,-2.1635768059461808e-10,-1.1515765960351633e-09,-1.1267134361048623e-09
22,0.0026788038627200642,0.49999999985130406,0.09999352364627712,-1.8669542522676052e-05,-4.693524109481044e-07,-0.00044771480947539285,-0.0,-0.0,-2.162978173897572e-10,-1.0298415283974675e-09,-2.836244152019863e-09
23,0.0027142321356245936,0.49999999985047766,0.0999940906482553,-1.682634004641202e-05,-5.020281177453281e-07,-0.0004755156757180959,-0.0,-0.0,-2.1555113026969535e-10,-9.234202634266375e-10,-5.409004853747063e-09
24,0.0027502261743688823,0.49999999984967186,0.0999946058133771,-1.5066556061747034e-05,-5.292526475079612e-07,-0.0005028251012462179,-0.0,-0.0,-2.1264135010371603e-10,-8.302125937861575e-10,-8.89454712825068e-09
25,0.0027868449979409583,0.49999999984907023,0.0999950730067457,-1.3403452887172373e-05,-5.50800402353638e-07,-0.0005295403431155578,-0.0,-0.0,-2.0623150267893896e-10,-7.484241603625138e-10,-1.3324572751275396e-08
26,0.0028241526801826636,0.4999999998489159,0.09999549601163606,-1.184603284511514e-05,-5.665457190825123e-07,-0.000555553431497607,-0.0,-0.0,-1.94687897569186e-10,-6.765186761884243e-10,-1.8712593740171876e-08
27,0.002862219842824197,0.4999999998493139,0.09999587849697388,-1.0399809141455408e-05,-5.763708115799106e-07,-0.0005807799678642925,-0.0,-0.0,-1.7795425839066043e-10,-6.131666791924227e-10,-2.5054385893896455e-08
28,0.0029011127217749354,0.49999999985025456,0.09999622397395108,-9.066906613236566e-06,-5.804519815042003e-07,-0.0006051616468684619,-0.0,-0.0,-1.5735907940975891e-10,-5.572284842821721e-10,-3.2329392141259814e-08
29,0.002940894426933366,0.49999999985167903,0.09999653574665537,-7.84694579604678e-06,-5.792241256483698e-07,-0.0006286570569104092,-0.0,-0.0,-1.3479825002140506e-10,-5.077277956294137e-10,-4.0503295814778085e-08
30,0.002981624851965653,0.49999999985309845,0.09999681688800367,-6.737893253380427e-06,-5.732753755722175e-07,-0.0006512397171075888,-0.0,-0.0,-1.1211155738948956e-10,-4.6381799065307243e-10,-4.953064093353911e-08
31,0.003023364263275504,0.4999999998546723,0.09999707023361425,-5.736487570531765e-06,-5.632723815381073e-07,-0.0006728924655686865,-0.0,-0.0,-9.075506636116606e-11,-4.247656972003782e-10,-5.9357430993917213e-08
32,0.0030661733632187846,0.49999999985638116,0.09999729838621427,-4.8386124276994095e-06,-5.498989225013205e-07,-0.0006936029582646624,-0.0,-0.0,-7.168473403680802e-11,-3.899468271805939e-10,-6.992352392536141e-08
33,0.003110113233136279,0.4999999998581108,0.09999750372610176,-4.039497627148426e-06,-5.338133778277098e-07,-0.000713367150759616,-0.0,-0.0,-5.538952938859557e-11,-3.588372604429524e-10,-8.116477601073229e-08
34,0.0031552496170694855,0.4999999998596976,0.09999768842398647,-3.333814790278523e-06,-5.156300280728886e-07,-0.0007321809315398005,-0.0,-0.0,-4.198447005312137e-11,-3.309786419177239e-10,-9.30148691693686e-08
35,0.003201649043110458,0.4999999998612443,0.09999785445580427,-2.715969297993485e-06,-4.958955551901839e-07,-0.0007500431590885084,-0.0,-0.0,-3.1325223138280305e-11,-3.0596794833170155e-10,-1.0540679958075351e-07
36,0.0032493818011926556,0.49999999986275684,0.09999800361800298,-2.18008759711045e-06,-4.75088240876087e-07,-0.0007669532344450912,-0.0,-0.0,-2.3114644498539746e-11,-2.8346091470114483e-10,-1.1827407967274784e-07
37,0.0032985210971206652,0.4999999998641749,0.09999813754194696,-1.720153228826655e-06,-4.536154125402877e-07,-0.0007829092751927695,-0.0,-0.0,-1.6997781513515196e-11,-2.6316031446902486e-10,-1.3155164044149584e-07
38,0.0033491423832929332,0.4999999998655965,0.09999825770812272,-1.330099096263522e-06,-4.3181521387685466e-07,-0.0007979146736813876,-0.0,-0.0,-1.2576300023571718e-11,-2.448081460997819e-10,-1.4517653961256226e-07
39,0.0034013275963238293,0.4999999998671516,0.09999836545843493,-1.0037661333601575e-06,-4.0997016908916524e-07,-0.0008119675083635096,-0.0,-0.0,-9.484617318416513e-12,-2.2818039351105035e-10,-1.5908844599224248e-07
40,0.003455158839734526,0.4999999998687145,0.09999846200824891,-7.351459903727266e-07,-3.883021566867957e-07,-0.0008250684667907584,-0.0,-0.0,-7.412410552488638e-12,-2.1308315573327831e-10,-1.73229929342883e-07
41,0.0035107232618639597,0.4999999998700995,0.09999854845797208,-5.18314594646227e-07,-3.669881901280251e-07,-0.0008372180989851748,-0.0,-0.0,-6.097206419511772e-12,-1.9934927833383805e-10,-1.8754666340436532e-07
42,0.0035681114899192923,0.4999999998715062,0.09999862580326394,-3.4754824055045053e-07,-3.461643351693716e-07,-0.0008484152980222035,-0.0,-0.0,-5.330947518766715e-12,-1.8682980338243376e-10,-2.0198748598430025e-07
43,0.0036274166069678584,0.4999999998728621,0.09999869494497726,-2.173474695892102e-07,-3.2593086131075284e-07,-0.0008586643111695231,-0.0,-0.0,-4.950534816545356e-12,-1.753926430546872e-10,-2.1650443010314968e-07
44,0.0036887382983036036,0.49999999987412314,0.09999875669728636,-1.2244479937142926e-07,-3.063642876446484e-07,-0.0008679643389755046,-0.0,-0.0,-4.839158647380823e-12,-1.6492596125708645e-10,-2.3105266770398315e-07
45,0.003752176652470386,0.499999999875356,0.09999881179580412,-5.791044262970621e-08,-2.875132663781878e-07,-0.00087631779259245,-0.0,-0.0,-4.8992125919604006e-12,-1.553316058226133e-10,-2.455903866638022e-07
46,0.0038178371551420534,0.49999999987658117,0.09999886090560789,-1.9130034433090008e-08,-2.6941033315604953e-07,-0.0008837273199189444,-0.0,-0.0,-5.070392032566054e-12,-1.4652115702569811e-10,-2.600786924944417e-07
47,0.003885828866095703,0.49999999987769916,0.09999890462800229,-1.8341903901742288e-09,-2.520729452678223e-07,-0.0008901945701541356,-0.0,-0.0,-5.30266560195649e-12,-1.3841704737221707e-10,-2.7448144854418036e-07
48,0.003956263760324529,0.499999999878678,0.09999894350716328,-2.1072461733777104e-09,-2.3550580292467203e-07,-0.0008957268850219039,-0.0,-0.0,-5.5679392606385486e-12,-1.3094901380610668e-10,-2.8876516394106307e-07
49,0.004029260567165425,0.499999999879845,0.09999897803545585,-1.6394647852007177e-08,-2.1970827743935818e-07,-0.0009003271503240687,-0.0,-0.0,-5.847974488717924e-12,-1.2405800306749124e-10,-3.0289884418530834e-07
50,0.004104938974699682,0.4999999998807453,0.09999900865866629,-4.150336540667544e-08,-2.046691493476921e-07,-0.0009040017581425173,-0.0,-0.0,-6.1255927490972934e-12,-1.1769069759449976e-10,-3.168538161388927e-07
51,0.004183424422067021,0.4999999998815715,0.09999903578121178,-7.459543124462154e-08,-1.903741527640705e-07,-0.0009067578175077152,-0.0,-0.0,-6.392688554576076e-12,-1.117959461183751e-10,-3.3060361620950073e-07
52,0.004264846693784465,0.49999999988269495,0.09999905977040333,-1.1317248755690889e-07,-1.7680525727285566e-07,-0.0009086016558227241,-0.0,-0.0,-6.652333709268713e-12,-1.0633042217199326e-10,-3.4412383504365155e-07
53,0.00434933891897273,0.49999999988350374,0.09999908096060056,-1.5505947070937206e-07,-1.6394088835851283e-07,-0.0009095454382728314,-0.0,-0.0,-6.9029161465738745e-12,-1.0125968982278597e-10,-3.573920299999004e-07
54,0.004437041728772808,0.4999999998839887,0.09999909965623544,-1.9841668006433676e-07,-1.5176074443956992e-07,-0.0009095971988451408,-0.0,-0.0,-7.131963408066748e-12,-9.65471948280697e-11,-3.7038760917958727e-07
55,0.004528097567939925,0.4999999998845524,0.09999911613497348,-2.41674195432762e-07,-1.4024048867150434e-07,-0.0009087685452007279,-0.0,-0.0,-7.354611250941146e-12,-9.215923964337988e-11,-3.830916942675404e-07
56,0.004622655489332969,0.4999999998850275,0.09999913065082572,-2.8354338853264975e-07,-1.293568687765086e-07,-0.0009070717970671223,-0.0,-0.0,-7.56683931381088e-12,-8.806944278554265e-11,-3.9548705193086724e-07
57,0.00472086965898428,0.4999999998855795,0.09999914343640492,-3.229825043701259e-07,-1.1908635390286616e-07,-0.000904518796181902,-0.0,-0.0,-7.771328249083817e-12,-8.425250038685787e-11,-4.075579825218911e-07
58,0.004822899025159373,0.4999999998860366,0.09999915470538948,-3.5915782108966593e-07,-1.0940488901568701e-07,-0.000901126794847202,-0.0,-0.0,-7.970455803751473e-12,-8.068647036606236e-11,-4.192902756000414e-07
59,0.004928910564704591,0.49999999988651384,0.09999916465394623,-3.914860467797423e-07,-1.002909060551936e-07,-0.0008969091903127785,-0.0,-0.0,-8.16611088977398e-12,-7.735261302406431e-11,-4.306711317013453e-07
60,0.0050390744994827175,0.4999999998868652,0.09999917346227116,-4.19523545911477e-07,-9.172101492276132e-08,-0.0008918828085079595,-0.0,-0.0,-8.353052248095788e-12,-7.423215678957454e-11,-4.4168906311496e-07
61,0.005153568950136511,0.49999999988708493,0.09999918129644246,-4.4299791608927674e-07,-8.367361539783874e-08,-0.0008860650648285492,-0.0,-0.0,-8.536812078390312e-12,-7.130670573008467e-11,-4.523338590933388e-07
62,0.005272578274196036,0.49999999988751603,0.09999918830942135,-4.6177646717517943e-07,-7.612755219072188e-08,-0.0008794728820047204,-0.0,-0.0,-8.718559473759374e-12,-6.85607788029231e-11,-4.625965034550714e-07
63,0.005396293060906306,0.4999999998877925,0.09999919464233799,-4.7582321668431273e-07,-6.906179160096089e-08,-0.0008721282269598738,-0.0,-0.0,-8.900493719532056e-12,-6.598083004866773e-11,-4.724691575796568e-07
64,0.005524913282579226,0.49999999988798044,0.09999920042503378,-4.852506635563146e-07,-6.245754867104593e-08,-0.0008640493134119373,-0.0,-0.0,-9.081119812469473e-12,-6.355456040475471e-11,-4.819451044082127e-07
65,0.005658643642744149,0.4999999998881433,0.09999920577675703,-4.902092305615101e-07,-5.629490017839658e-08,-0.0008552574321080841,-0.0,-0.0,-9.26192605567128e-12,-6.127066860889355e-11,-4.910186674772673e-07
66,0.005797698066443413,0.49999999988838323,0.09999921080714425,-4.909341896845947e-07,-5.0555429829151764e-08,-0.0008457743998956641,-0.0,-0.0,-9.441390252634108e-12,-5.911872490395675e-11,-4.99685194023887e-07
67,0.0059422985685651485,0.49999999988838106,0.09999921561662338,-4.877073329424196e-07,-4.52212094000721e-08,-0.0008356214263106602,-0.0,-0.0,-9.619552123652446e-12,-5.708856394377354e-11,-5.079409877192014e-07
68,0.006092674968156748,0.4999999998884806,0.09999922029718199,-4.808322969006347e-07,-4.027446930842907e-08,-0.0008248242848083503,-0.0,-0.0,-9.790451814906675e-12,-5.517160631354734e-11,-5.157832997979555e-07
69,0.006249068098053705,0.4999999998885262,0.09999922493245583,-4.7068525324369527e-07,-3.5699074636023856e-08,-0.0008134051443669856,-0.0,-0.0,-9.969865832065106e-12,-5.3360258738245724e-11,-5.23210289241864e-07
70,0.006411725434238841,0.4999999998886874,0.09999922959809486,-4.5761556814230726e-07,-3.147829418847157e-08,-0.000801388858864772,-0.0,-0.0,-1.012965571425124e-11,-5.164690772317822e-11,-5.302209449763018e-07
71,0.006580905359111567,0.4999999998889305,0.09999923436240164,-4.420010261007396e-07,-2.7596208577278237e-08,-0.0007888006416974797,-0.0,-0.0,-1.0313244449079327e-11,-5.002472882149025e-11,-5.368150803022196e-07
72,0.006756876190148845,0.4999999998887665,0.0999992392864627,-4.2421597921197534e-07,-2.4037689593176343e-08,-0.0007756649618449297,-0.0,-0.0,-1.042193364205238e-11,-4.848820139341095e-11,-5.429932525514438e-07
73,0.0069399159494330145,0.4999999998887777,0.09999924442467396,-4.0461577873390166e-07,-2.078703188085653e-08,-0.0007620104220005744,-0.0,-0.0,-1.0539845451563639e-11,-4.7031493475726964e-11,-5.487567712897504e-07
74,0.0071303157747399995,0.4999999998888841,0.09999924982475511,-3.8357987237807576e-07,-1.7830713554578967e-08,-0.0007478620860887983,-0.0,-0.0,-1.0668639656295215e-11,-4.5649048401276306e-11,-5.541076980023838e-07
75,0.007328375274206531,0.4999999998886888,0.09999925552801288,-3.614388178574359e-07,-1.5154195964982722e-08,-0.0007332473507105476,-0.0,-0.0,-1.0800993446976053e-11,-4.43358193642745e-11,-5.590487378624385e-07
76,0.007534407138417368,0.49999999988867017,0.09999926156984983,-3.3851941875260603e-07,-1.2743766672589542e-08,-0.0007181937590811188,-0.0,-0.0,-1.0939710640011028e-11,-4.308685044738343e-11,-5.63583234262205e-07
77,0.007748736008685909,0.4999999998888218,0.09999926797986719,-3.1512549554687566e-07,-1.0586035044418286e-08,-0.0007027281152174882,-0.0,-0.0,-1.1081408763678565e-11,-4.189819122782003e-11,-5.677151125864512e-07
78,0.007971698624742054,0.4999999998891191,0.09999927478235061,-2.915251409230983e-07,-8.667810696507406e-09,-0.0006868807074767364,-0.0,-0.0,-1.1225913975407141e-11,-4.076614426690503e-11,-5.714488809811263e-07
79,0.008203646872431152,0.49999999988944716,0.09999928199630634,-2.6799115176073956e-07,-6.976738179771768e-09,-0.0006706785249042134,-0.0,-0.0,-1.137111917790351e-11,-3.9687467358725186e-11,-5.747895905875385e-07
80,0.008444943598236382,0.49999999988968524,0.09999928963573264,-2.447426771599242e-07,-5.500260812600538e-09,-0.0006541504833456193,-0.0,-0.0,-1.15146418265399e-11,-3.865883703301792e-11,-5.777427710236768e-07
81,0.008695966825728235,0.4999999998900419,0.09999929771011258,-2.2198779969649624e-07,-4.226424680534534e-09,-0.0006373254662732483,-0.0,-0.0,-1.1657118286667424e-11,-3.767719789190098e-11,-5.803144234497777e-07
82,0.008957108910337134,0.49999999989024846,0.09999930622451214,-1.9990762602995904e-07,-3.1435756059753127e-09,-0.0006202315217632973,-0.0,-0.0,-1.179645558636279e-11,-3.673987798405976e-11,-5.825109675305564e-07
83,0.009228776429855822,0.4999999998903669,0.0999993151800179,-1.7865187632863907e-07,-2.240310253997911e-09,-0.000602899671413102,-0.0,-0.0,-1.1931990166127215e-11,-3.584427638507941e-11,-5.843392439058796e-07
84,0.009511393728489309,0.49999999989060867,0.09999932457380173,-1.5836542356452051e-07,-1.5057913714275956e-09,-0.000585357865127886,-0.0,-0.0,-1.2061799673042654e-11,-3.498782603139723e-11,-5.858064783300038e-07
85,0.00980539880845664,0.499999999890817,0.09999933439946695,-1.391484290054791e-07,-9.292370202958654e-10,-0.0005676356307018309,-0.0,-0.0,-1.2188381277969228e-11,-3.416866716157667e-11,-5.869202223162656e-07
86,0.010111247589449705,0.49999999989110167,0.09999934464757487,-1.2108896856990735e-07,-5.003156753007086e-10,-0.000549762209422061,-0.0,-0.0,-1.2305053742497903e-11,-3.3384795533047156e-11,-5.876883464166878e-07
87,0.010429412020172247,0.49999999989142213,0.09999935530569237,-1.0425778690600914e-07,-2.0899486534959385e-10,-0.0005317660467763786,-0.0,-0.0,-1.2414538732356094e-11,-3.2633765876480994e-11,-5.881189917624046e-07
88,0.010760381572148007,0.4999999998918275,0.09999936635879174,-8.869889756261239e-08,-4.555313382806521e-11,-0.0005136779628003186,-0.0,-0.0,-1.2517842048015281e-11,-3.191415887656086e-11,-5.882205749326397e-07
89,0.011104665393870231,0.49999999989203736,0.09999937778934072,-7.44540223004346e-08,-6.256095872694004e-13,-0.0004955260254934003,-0.0,-0.0,-1.2609584426649924e-11,-3.122427575401935e-11,-5.880017560622757e-07
90,0.011462790035554806,0.4999999998923658,0.0999993895776668,-6.15308761350512e-08,-6.511501257792675e-11,-0.0004773393752964714,-0.0,-0.0,-1.2692270825300441e-11,-3.056214402802171e-11,-5.874713839514117e-07
91,0.011835301040867045,0.49999999989284394,0.09999940170239417,-4.993412459164277e-08,-2.3026072515760858e-10,-0.0004591468997370769,-0.0,-0.0,-1.276639685474913e-11,-2.992656109942802e-11,-5.866384924665051e-07
92,0.012222764009484171,0.4999999998931302,0.09999941414047586,-3.965303605429987e-08,-4.876106651770974e-10,-0.00044097655377548227,-0.0,-0.0,-1.2828222061474865e-11,-2.931614852346916e-11,-5.855122584695578e-07
93,0.012625763920245161,0.49999999989379185,0.09999942686760077,-3.0663321514144196e-08,-8.290632277798097e-10,-0.00042285817946858504,-0.0,-0.0,-1.2880577058292066e-11,-2.872949521809048e-11,-5.841020069818926e-07
94,0.013044908086130388,0.49999999989406324,0.09999943985820266,-2.293854842994384e-08,-1.2467152807899549e-09,-0.0004048182070445866,-0.0,-0.0,-1.2920383841251458e-11,-2.8165372673987004e-11,-5.824171648366022e-07
95,0.01348082280712098,0.4999999998948582,0.09999945308588032,-1.6431862795857616e-08,-1.7331620589701865e-09,-0.0003868857412880936,-0.0,-0.0,-1.2949575518188555e-11,-2.762255208592728e-11,-5.804672337996952e-07
96,0.013934159115134655,0.4999999998955166,0.09999946652371912,-1.1098534692160511e-08,-2.2811127344154295e-09,-0.00036908844152909383,-0.0,-0.0,-1.2967072892908859e-11,-2.7100035451149146e-11,-5.782618079233541e-07
97,0.014405588235747445,0.49999999989615973,0.09999948014417051,-6.885380599944124e-09,-2.8836428463606637e-09,-0.00035145313275868745,-0.0,-0.0,-1.2972816315094271e-11,-2.659679286138024e-11,-5.75810516567326e-07
98,0.01489580471908625,0.49999999989671384,0.09999949391948076,-3.7323432789653316e-09,-3.5341951213723487e-09,-0.0003340079642063997,-0.0,-0.0,-1.296662305914082e-11,-2.611185011005521e-11,-5.731230320863684e-07
99,0.01540552679490084,0.49999999989751875,0.09999950782168904,-1.5789001715954252e-09,-4.226293855633761e-09,-0.0003167780880302514,-0.0,-0.0,-1.2948292515900501e-11,-2.5644272783788423e-11,-5.702090278878713e-07
100,0.015935494708347386,0.49999999989836563,0.0999995218229209,-3.5760123563251395e-10,-4.954111519843533e-09,-0.0002997907758122514,-0.0,-0.0,-1.2918217152949693e-11,-2.5193269616134296e-11,-5.670781579278729e-07
101,0.016486476220269213,0.49999999989915,0.09999953589567001,-1.8377311439685095e-12,-5.7117589117212975e-09,-0.0002830718829482421,-0.0,-0.0,-1.2875667504350671e-11,-2.4758027707073398e-11,-5.637400756321017e-07
102,0.017059261183042802,0.49999999990010824,0.09999955001265315,-4.427759741213293e-10,-6.493759742010977e-09,-0.0002666471728174455,-0.0,-0.0,-1.2820946953700652e-11,-2.4337693126324654e-11,-5.602044025819866e-07
103,0.017654667325312425,0.4999999999011953,0.09999956414707237,-1.6110390798498906e-09,-7.2948523432811215e-09,-0.00025054175720158356,-0.0,-0.0,-1.2754710627507376e-11,-2.3931575074302332e-11,-5.564807177275475e-07
104,0.018273534676168577,0.4999999999022712,0.09999957827266827,-3.4365033535861866e-09,-8.110064479498896e-09,-0.0002347789274705491,-0.0,-0.0,-1.267684815087391e-11,-2.353919203170142e-11,-5.525785017067438e-07
105,0.018916729082541103,0.49999999990331734,0.09999959236399261,-5.85232086034421e-09,-8.935025419045195e-09,-0.000219383561693263,-0.0,-0.0,-1.2586015737240952e-11,-2.3159900433044665e-11,-5.48507141795977e-07
106,0.019585146365821992,0.49999999990452204,0.09999960639653421,-8.791023370850852e-09,-9.76516219098633e-09,-0.0002043791682164421,-0.0,-0.0,-1.2483972573373735e-11,-2.2793023249162533e-11,-5.442759521187189e-07
107,0.0202797057417035,0.4999999999057106,0.09999962034655108,-1.2186437959867043e-08,-1.0596341647585064e-08,-0.00018978905520152482,-0.0,-0.0,-1.2369841461387098e-11,-2.2438026274119302e-11,-5.398941480641021e-07
108,0.02100135698665463,0.49999999990704713,0.09999963419125432,-1.5975600207703072e-08,-1.1424596097192453e-08,-0.0001756357380768696,-0.0,-0.0,-1.224405873941203e-11,-2.2094204675183773e-11,-5.353708383712195e-07
109,0.02175107272846815,0.49999999990856936,0.09999964790881438,-2.0095047841581226e-08,-1.2246248501171949e-08,-0.00016194018707740883,-0.0,-0.0,-1.2107846852297979e-11,-2.1761116057775124e-11,-5.307149759119893e-07
110,0.022529854102628085,0.499999999909918,0.09999966147856497,-2.4490684611868384e-08,-1.305822970803361e-08,-0.00014872440269231196,-0.0,-0.0,-1.1960076582081291e-11,-2.1438372068505734e-11,-5.259353660365833e-07
111,0.023338732580069303,0.49999999991141303,0.09999967488105778,-2.9105116025319044e-08,-1.3857169980409025e-08,-0.00013600912011037887,-0.0,-0.0,-1.1801490781019664e-11,-2.1125350601434354e-11,-5.210406874378543e-07
112,0.024178764302585778,0.4999999999129681,0.09999968809786328,-3.3884309118163985e-08,-1.4640140322284625e-08,-0.00012381476043400348,-0.0,-0.0,-1.1632906713655256e-11,-2.0821632040264455e-11,-5.16039472431797e-07
113,0.025051038110906886,0.49999999991448035,0.09999970111172289,-3.877988826027092e-08,-1.54043279276511e-08,-0.0001121608981087438,-0.0,-0.0,-1.1454073597307156e-11,-2.052686064055966e-11,-5.109401019890773e-07
114,0.025956666428693945,0.49999999991612165,0.09999971390655206,-4.374333659776334e-08,-1.6147202499127036e-08,-0.00010106573620635277,-0.0,-0.0,-1.1265369085358969e-11,-2.0240630719319942e-11,-5.057507613901672e-07
115,0.026896789092611662,0.4999999999177702,0.09999972646753899,-4.873687599473607e-08,-1.6866844008554816e-08,-9.054805317619857e-05,-0.0,-0.0,-1.1067201939077082e-11,-1.9962607068760148e-11,-5.004794510196586e-07
116,0.027872577063627696,0.499999999919673,0.09999973878111645,-5.3717561155887455e-08,-1.7560943690816738e-08,-8.0625473120499e-05,-0.0,-0.0,-1.0859958362024504e-11,-1.969242124906107e-11,-4.951340088755011e-07
117,0.028885226620605345,0.4999999999215092,0.09999975083480177,-5.8647545073726774e-08,-1.8227623108532014e-08,-7.131517772890363e-05,-0.0,-0.0,-1.0644016043074551e-11,-1.9429708291845945e-11,-4.897220952679222e-07
118,0.029935966856775967,0.499999999923385,0.09999976261730818,-6.349507088808595e-08,-1.8865077785928257e-08,-6.263347638525437e-05,-0.0,-0.0,-1.0420068548418775e-11,-1.9174205069937214e-11,-4.842511900409025e-07
119,0.03102604952420313,0.49999999992533856,0.09999977411851704,-6.8227956370631e-08,-1.9471773305297598e-08,-5.459551950140172e-05,-0.0,-0.0,-1.0188166149636026e-11,-1.892568204014077e-11,-4.787285536633678e-07
120,0.03215675246759995,0.4999999999272472,0.09999978532952435,-7.282508569363696e-08,-2.0046760086420403e-08,-4.721659171025722e-05,-0.0,-0.0,-9.948732823215522e-12,-1.8683794649283718e-11,-4.731612399073866e-07
121,0.03332938376863848,0.49999999992927635,0.09999979624258104,-7.725869981697434e-08,-2.0588646071362228e-08,-4.0510932053958126e-05,-0.0,-0.0,-9.70281443652465e-12,-1.844821716250399e-11,-4.675561187621675e-07
122,0.034545274717086114,0.4999999999312417,0.09999980685093644,-8.150587038256499e-08,-2.1096446407796077e-08,-3.449223468316227e-05,-0.0,-0.0,-9.450707458937876e-12,-1.821875421364521e-11,-4.6191986541244865e-07
123,0.03580578924449371,0.499999999933204,0.09999981714891731,-8.555059550190658e-08,-2.1569206362690722e-08,-2.9173306656291838e-05,-0.0,-0.0,-9.192968870146117e-12,-1.7995202450009933e-11,-4.562589590019923e-07
124,0.03711230965014691,0.4999999999352063,0.09999982713188293,-8.937461596047473e-08,-2.2006236165989488e-08,-2.4566030968858064e-05,-0.0,-0.0,-8.92980046051441e-12,-1.777727224406688e-11,-4.5057964885714366e-07
125,0.03846624371183504,0.49999999993725597,0.09999983679624994,-9.297231075584384e-08,-2.240737784077132e-08,-2.068200444708035e-05,-0.0,-0.0,-8.66228233557952e-12,-1.7564666783014632e-11,-4.4488796898501503e-07
126,0.039869024506507506,0.4999999999393878,0.09999984613941959,-9.632825290928337e-08,-2.2772005901446336e-08,-1.7531905392198566e-05,-0.0,-0.0,-8.39115687428178e-12,-1.7357184221230843e-11,-4.391897603594299e-07
127,0.041322105809383086,0.4999999999414503,0.0999998551596244,-9.943275500377826e-08,-2.309987194531826e-08,-1.5125755243585492e-05,-0.0,-0.0,-8.116802630804832e-12,-1.715463345568765e-11,-4.3349066333014964e-07
128,0.04282696972457298,0.49999999994356364,0.09999986385597832,-1.022812959602285e-07,-2.33907216863068e-08,-1.3472736876494565e-05,-0.0,-0.0,-7.840059979635333e-12,-1.6956842708732428e-11,-4.2779611789335025e-07
129,0.0443851128419836,0.49999999994584354,0.09999987222842903,-1.0486786247090605e-07,-2.3644548447267945e-08,-1.2581295718414124e-05,-0.0,-0.0,-7.561274570991912e-12,-1.676362755912405e-11,-4.221113346350404e-07
130,0.04599805145504791,0.49999999994804245,0.09999988027776573,-1.0719707894223517e-07,-2.386182395880951e-08,-1.2459245687802097e-05,-0.0,-0.0,-7.281440209921446e-12,-1.657476338011781e-11,-4.164413103083846e-07
131,0.04766732275486265,0.4999999999501843,0.09999988800554221,-1.0926391223367831e-07,-2.4042537709392198e-08,-1.3113605502527219e-05,-0.0,-0.0,-7.001324374900519e-12,-1.639010048202697e-11,-4.10790849856506e-07
132,0.04939447882328548,0.49999999995232075,0.09999989541395356,-1.1106852343998534e-07,-2.4187019225616877e-08,-1.4550640892979987e-05,-0.0,-0.0,-6.721435705431984e-12,-1.6209455337963332e-11,-4.051645610789234e-07
133,0.051181092435486845,0.49999999995461036,0.09999990250584943,-1.1261391644849065e-07,-2.429557047789575e-08,-1.6775856330897727e-05,-0.0,-0.0,-6.442682015944685e-12,-1.6032670210652502e-11,-3.995668561684304e-07
134,0.053028745805976954,0.4999999999567051,0.09999990928469261,-1.1390317060602009e-07,-2.436870978265012e-08,-1.979419248478727e-05,-0.0,-0.0,-6.165549816160834e-12,-1.5859618280983082e-11,-3.9400192681978057e-07
135,0.05493903093165621,0.49999999995883243,0.09999991575455595,-1.1494684577249978e-07,-2.4407386717186428e-08,-2.3609661513749825e-05,-0.0,-0.0,-5.890981380275015e-12,-1.569014259620112e-11,-3.884737604697735e-07
136,0.05691355571805527,0.4999999999609953,0.09999992192005175,-1.1574758124139751e-07,-2.4412055096472564e-08,-2.8225609826766597e-05,-0.0,-0.0,-5.6196598389534955e-12,-1.552411934671229e-11,-3.8298616199249314e-07
137,0.05895393488499447,0.4999999999632194,0.09999992778624783,-1.1631284762717562e-07,-2.4383477908988554e-08,-3.364455731460997e-05,-0.0,-0.0,-5.352313550043119e-12,-1.536140820836131e-11,-3.7754274985781133e-07
138,0.061061791371095096,0.49999999996532435,0.09999993335864751,-1.1664924242198017e-07,-2.432236838144324e-08,-3.9868361078684264e-05,-0.0,-0.0,-5.089689073076313e-12,-1.5201890693067867e-11,-3.721469583037383e-07
139,0.06323875028052509,0.4999999999674083,0.09999993864314678,-1.1676528358473868e-07,-2.4229632899532514e-08,-4.689848655343886e-05,-0.0,-0.0,-4.832481133944445e-12,-1.5045438794215535e-11,-3.668020161737642e-07
140,0.06548643291423478,0.4999999999695218,0.09999994364602686,-1.166734804671001e-07,-2.4106548273311026e-08,-5.473521052648091e-05,-0.0,-0.0,-4.581421552077568e-12,-1.489194781352781e-11,-3.6151096406810173e-07
141,0.06780647205652733,0.4999999999716125,0.09999994837390427,-1.1638212578854709e-07,-2.3953892597636414e-08,-6.337827843101865e-05,-0.0,-0.0,-4.337174186623768e-12,-1.474132003446684e-11,-3.5627667541492753e-07
142,0.07020049407742181,0.49999999997360894,0.09999995283367774,-1.1590221665294327e-07,-2.3772722492339516e-08,-7.282658050952918e-05,-0.0,-0.0,-4.1005587469405765e-12,-1.4593417379910142e-11,-3.511018532354016e-07
143,0.0726701195278075,0.4999999999756356,0.0999999570324883,-1.1524203166726756e-07,-2.3564032323357123e-08,-8.307844235682487e-05,-0.0,-0.0,-3.872088988699128e-12,-1.444812348836714e-11,-3.4598903312200205e-07
144,0.07521696149139398,0.4999999999774951,0.09999996097768546,-1.1441291842488032e-07,-2.332897275143068e-08,-9.413197481772488e-05,-0.0,-0.0,-3.652545491984959e-12,-1.430532974241676e-11,-3.409405654803468e-07
145,0.07784261482504985,0.49999999997939,0.09999996467682322,-1.1342860484889325e-07,-2.3069011709378364e-08,-0.00010598388239374372,-0.0,-0.0,-3.442478607916515e-12,-1.4164934091416887e-11,-3.359586319792229e-07
146,0.08054867378060941,0.4999999999812019,0.09999996813761501,-1.1229873024679866e-07,-2.278514051882289e-08,-0.0001186304810684887,-0.0,-0.0,-3.242556168327126e-12,-1.40268350768837e-11,-3.310452656745696e-07
147,0.08333671349976307,0.49999999998298317,0.09999997136789578,-1.1103563336113604e-07,-2.2478582746317664e-08,-0.00013206722449568954,-0.0,-0.0,-3.053431180704899e-12,-1.3890934171651307e-11,-3.2620234932766887e-07
148,0.08620828655745674,0.4999999999847581,0.09999997437558564,-1.0964741776955044e-07,-2.2150484695034597e-08,-0.0001462891259241981,-0.0,-0.0,-2.8755709950730483e-12,-1.3757168585166325e-11,-3.2143161853310086e-07
149,0.08916492598651501,0.4999999999864595,0.09999997716866438,-1.081462065772416e-07,-2.1802124834864342e-08,-0.00016129115422953058,-0.0,-0.0,-2.7094723128306815e-12,-1.3625469790282146e-11,-3.1673464637176956e-07
150,0.09220812840744809,0.4999999999880264,0.09999997975516688,-1.0654450472251547e-07,-2.1435044230826097e-08,-0.00017706669310861757,-0.0,-0.0,-2.555649057601049e-12,-1.3495762289339167e-11,-3.1211285957184555e-07
151,0.09533937837721088,0.4999999999894845,0.09999998214314879,-1.0485221302261075e-07,-2.1050327190147576e-08,-0.0001936088876354915,-0.0,-0.0,-2.4146654648477067e-12,-1.336796332846557e-11,-3.0756755767042417e-07
152,0.0985601251145995,0.4999999999908915,0.09999998434066287,-1.0308121309706769e-07,-2.06492526332686e-08,-0.00021091004972521193,-0.0,-0.0,-2.286883689698621e-12,-1.3242003051446987e-11,-3.0309991187853707e-07
153,0.10187177630537886,0.499999999992195,0.09999998635572634,-1.0123821994635317e-07,-2.0233014831362432e-08,-0.00022896218374394896,-0.0,-0.0,-2.1727331291034968e-12,-1.3117824993706091e-11,-2.987109681559369e-07
154,0.10527570627759794,0.4999999999934079,0.09999998819630312,-9.933454730542844e-08,-1.9802913501636953e-08,-0.000247757417995228,-0.0,-0.0,-2.07264588710004e-12,-1.299534991898856e-11,-2.944016340277416e-07
155,0.10877323339386724,0.49999999999454403,0.0999999898703006,-9.738062660826085e-08,-1.936045962395776e-08,-0.000267286151086612,-0.0,-0.0,-1.986799454507053e-12,-1.2874507086281937e-11,-2.901726942706189e-07
156,0.11236565036140662,0.49999999999557443,0.09999999138554444,-9.538514669309824e-08,-1.8906732814479905e-08,-0.0002875387164959525,-0.0,-0.0,-1.9156326659712512e-12,-1.2755219296087635e-11,-2.860248286892667e-07
157,0.11605419736563365,0.49999999999652855,0.09999999274976495,-9.335855198450659e-08,-1.8442977284786027e-08,-0.00030850552285431403,-0.0,-0.0,-1.8590831171671343e-12,-1.2637426668330174e-11,-2.8195859798379257e-07
158,0.11984003875041423,0.499999999997345,0.0999999939705734,-9.130617030894776e-08,-1.7970581002101414e-08,-0.0003301751082634899,-0.0,-0.0,-1.8176356243683525e-12,-1.2521082948812077e-11,-2.779744617649305e-07
159,0.12372431912444773,0.49999999999807565,0.09999999505544936,-8.923709285343351e-08,-1.7490509858687194e-08,-0.00035253712904998385,-0.0,-0.0,-1.7912955611600158e-12,-1.2406119265209279e-11,-2.740727800697806e-07
160,0.12770809181214013,0.49999999999869177,0.0999999960117372,-8.715896143929994e-08,-1.7004162675964274e-08,-0.00037557942863775893,-0.0,-0.0,-1.7800406133452305e-12,-1.2292484001368029e-11,-2.7025381320612895e-07
161,0.13179237185045997,0.49999999999918027,0.09999999684663158,-8.507903597631365e-08,-1.6512543193238236e-08,-0.0003992899322003699,-0.0,-0.0,-1.7840960412396797e-12,-1.2180123433264287e-11,-2.6651773828579017e-07
162,0.13597810248009376,0.49999999999956213,0.09999999756716973,-8.300540689862666e-08,-1.6016783231598935e-08,-0.0004236568129295911,-0.0,-0.0,-1.8033579712423264e-12,-1.2069000654116309e-11,-2.628646366400674e-07
163,0.14026613209354036,0.49999999999982664,0.09999999818021608,-8.094155611098292e-08,-1.551812788418984e-08,-0.00044866630356933906,-0.0,-0.0,-1.837912630491529e-12,-1.1959078525114066e-11,-2.5929451009455825e-07
164,0.14465727635878328,0.4999999999999708,0.09999999869245631,-7.88948604873824e-08,-1.501744148230909e-08,-0.0004743060333461931,-0.0,-0.0,-1.887723312670604e-12,-1.1850294346953933e-11,-2.55807282517454e-07
165,0.14915223486545673,0.4999999999999938,0.09999999911039359,-7.686966479335017e-08,-1.451595046953689e-08,-0.0005005617459491322,-0.0,-0.0,-1.952517416521675e-12,-1.1742594743115936e-11,-2.5240280015385194e-07
166,0.15375165923480258,0.49999999999989236,0.09999999944034127,-7.487154045773798e-08,-1.4014519599030143e-08,-0.0005274182644884893,-0.0,-0.0,-2.0321130540425638e-12,-1.1635938799655442e-11,-2.4908085952516593e-07
167,0.15845612946509677,0.4999999999996661,0.09999999968841983,-7.290602786293228e-08,-1.3513907641246087e-08,-0.00055486311976437,-0.0,-0.0,-2.126405154350649e-12,-1.1530280841999404e-11,-2.4584118175289734e-07
168,0.16326608003589357,0.49999999999931355,0.09999999986054997,-7.097614262623901e-08,-1.301540129499907e-08,-0.0005828807511947815,-0.0,-0.0,-2.235025674572863e-12,-1.1425568058661859e-11,-2.42683414713104e-07
169,0.16818190970896404,0.49999999999884054,0.09999999996244938,-6.908612912791596e-08,-1.2519715533538047e-08,-0.0006114572213300138,-0.0,-0.0,-2.3578254139234777e-12,-1.13217543897374e-11,-2.3960714855263e-07
170,0.17320388524271194,0.49999999999822187,0.09999999999963106,-6.723794407945598e-08,-1.2027859328077058e-08,-0.0006405766756446866,-0.0,-0.0,-2.4943716943606915e-12,-1.1218790740382908e-11,-2.3661191637152312e-07
171,0.1783322166616559,0.499999999997473,0.09999999997740258,-6.54356978756358e-08,-1.1540520892162535e-08,-0.0006702224219002478,-0.0,-0.0,-2.6441056597722407e-12,-1.1116638128398898e-11,-2.33697219486935e-07
172,0.18356702261833238,0.49999999999660477,0.0999999999008645,-6.368216708053919e-08,-1.1058290354660752e-08,-0.0007003808117765715,-0.0,-0.0,-2.8068646063121404e-12,-1.1015260812400519e-11,-2.3086250358111454e-07
173,0.18890826493102816,0.4999999999955952,0.09999999977490975,-6.197924750270785e-08,-1.0582202547046665e-08,-0.0007310349673117696,-0.0,-0.0,-2.982028798359905e-12,-1.0914623147089293e-11,-2.2810716057448704e-07
174,0.19435586121406626,0.4999999999944533,0.09999999960422334,-6.033014444463069e-08,-1.0112791447554419e-08,-0.0007621698858480499,-0.0,-0.0,-3.1693268801208704e-12,-1.0814690146825401e-11,-2.2543054261455563e-07
175,0.19990957379558197,0.4999999999931603,0.09999999939328441,-5.8734272048720636e-08,-9.650835793916737e-09,-0.0007937686186698241,-0.0,-0.0,-3.3680534102595134e-12,-1.0715415826404382e-11,-2.2283196248497466e-07
176,0.20556910632084416,0.4999999999917534,0.09999999914636828,-5.719458331625766e-08,-9.196830973801892e-09,-0.0008258134327558088,-0.0,-0.0,-3.577515569683415e-12,-1.06167805504209e-11,-2.2031071699707954e-07
177,0.21133405889961082,0.4999999999902319,0.09999999886754526,-5.571246915911988e-08,-8.751181843594938e-09,-0.0008582899923661996,-0.0,-0.0,-3.79725719699266e-12,-1.0518774475778468e-11,-2.178660642776727e-07
178,0.21720386010871012,0.49999999998863015,0.09999999856068463,-5.4288410487245023e-08,-8.31467112592286e-09,-0.0008911806144497679,-0.0,-0.0,-4.027273353113809e-12,-1.0421343685703488e-11,-2.1549722495924052e-07
179,0.22317788995442317,0.49999999998681954,0.09999999822945593,-5.292435536074202e-08,-7.887646567415647e-09,-0.000924469692076174,-0.0,-0.0,-4.26616130082031e-12,-1.0324440051180954e-11,-2.1320339520577737e-07
180,0.2292553589059849,0.49999999998491723,0.0999999978773356,-5.161822203389853e-08,-7.470655658872695e-09,-0.000958139673853427,-0.0,-0.0,-4.513454754615908e-12,-1.0228059787536483e-11,-2.1098374680352728e-07
181,0.23543541829878084,0.499999999982888,0.0999999975076109,-5.037198555572926e-08,-7.064003066795648e-09,-0.0009921722653069927,-0.0,-0.0,-4.7686071513974075e-12,-1.013218708729987e-11,-2.088374486501297e-07
182,0.2417171108730428,0.499999999980792,0.09999999712337654,-4.918632320384312e-08,-6.66791325011595e-09,-0.0010265528952259223,-0.0,-0.0,-5.031069896413725e-12,-1.0036788466329585e-11,-2.0676364504523333e-07
183,0.2480992934808829,0.4999999999785551,0.09999999672754405,-4.806025550617999e-08,-6.282926920978526e-09,-0.0010612635220300251,-0.0,-0.0,-5.300161582934201e-12,-9.941830739310697e-12,-2.0476145626518476e-07
184,0.25458078290488967,0.49999999997618605,0.09999999632284279,-4.6995616733631286e-08,-5.909214836757635e-09,-0.001096288385796049,-0.0,-0.0,-5.575116300806584e-12,-9.8472765274787e-12,-2.0282999057914423e-07
185,0.26116020980125904,0.49999999997370975,0.09999999591183026,-4.5988897400055705e-08,-5.5471106587041905e-09,-0.0011316097816344106,-0.0,-0.0,-5.855286945537585e-12,-9.753082992203675e-12,-2.0096834384750456e-07
186,0.2678361539432522,0.4999999999711107,0.09999999549689853,-4.504155639582107e-08,-5.1967448455990566e-09,-0.001167209292713675,-0.0,-0.0,-6.1397396528724825e-12,-9.659218067409114e-12,-1.9917561943459988e-07
187,0.2746070861855418,0.4999999999684552,0.09999999508026661,-4.4153848824088966e-08,-4.858179011427259e-09,-0.0012030725036612606,-0.0,-0.0,-6.428149157553923e-12,-9.56565606736041e-12,-1.9745090736527173e-07
188,0.2814712853828687,0.4999999999655978,0.09999999466399451,-4.332411741567717e-08,-4.5317359466641045e-09,-0.0012391814559466303,-0.0,-0.0,-6.719453550359775e-12,-9.472383223140224e-12,-1.957932841464934e-07
189,0.2884269980208879,0.49999999996273814,0.09999999424998429,-4.255374394375952e-08,-4.217432796341563e-09,-0.0012755205767781706,-0.0,-0.0,-7.013386754952416e-12,-9.379399640646297e-12,-1.9420182407880626e-07
190,0.2954722854006691,0.49999999995972155,0.09999999383999152,-4.1839174284623734e-08,-3.915414261783248e-09,-0.0013120724240820003,-0.0,-0.0,-7.309483073169116e-12,-9.286681891821998e-12,-1.9267559832841592e-07
191,0.3026051619587173,0.4999999999567046,0.099999993435633,-4.118129756999498e-08,-3.625664965688813e-09,-0.0013488188512644833,-0.0,-0.0,-7.607487226464371e-12,-9.194170767380079e-12,-1.9121369306986445e-07
192,0.3098235404249482,0.49999999995354094,0.09999999303837766,-4.058008355499673e-08,-3.3481115796301886e-09,-0.0013857459295654258,-0.0,-0.0,-7.906216177161656e-12,-9.101834456778836e-12,-1.898151897003264e-07
193,0.3171251440224979,0.4999999999503257,0.09999999264956314,-4.0033618721360135e-08,-3.0828912154289163e-09,-0.001422836134509773,-0.0,-0.0,-8.173333696462313e-12,-9.009659116515874e-12,-1.8847917471064156e-07
194,0.3245076753424599,0.4999999999470225,0.0999999922703962,-3.95430462710086e-08,-2.829802257995903e-09,-0.0014600744180530902,-0.0,-0.0,-8.452968903936603e-12,-8.917622659238687e-12,-1.8720473553696468e-07
195,0.3319686621274706,0.4999999999436404,0.09999999190196356,-3.910522566823836e-08,-2.5889811079367333e-09,-0.001497443929887947,-0.0,-0.0,-8.741814728772716e-12,-8.825698282018339e-12,-1.8599094665098207e-07
196,0.33950559187287194,0.49999999994020616,0.0999999915452411,-3.8720667466332874e-08,-2.3602785059556565e-09,-0.001534927127939575,-0.0,-0.0,-9.037135100008235e-12,-8.733862365282317e-12,-1.8483690672238178e-07
197,0.34711586458153404,0.4999999999366403,0.09999999120108385,-3.838934781806304e-08,-2.1435063795564783e-09,-0.0015725108360163148,-0.0,-0.0,-9.337118516772753e-12,-8.642105001426435e-12,-1.837417178556824e-07
198,0.35479670056542356,0.49999999993306377,0.09999999087024314,-3.8109398171301033e-08,-1.9386433725154374e-09,-0.0016101783092787004,-0.0,-0.0,-9.640292397565117e-12,-8.55039840185957e-12,-1.8270448365849125e-07
199,0.36254531338264384,0.4999999999294137,0.09999999055336782,-3.7881762109185013e-08,-1.7454849565171182e-09,-0.0016479151841409464,-0.0,-0.0,-9.945285681205233e-12,-8.458712243878984e-12,-1.8172431902153852e-07
200,0.37035876538155205,0.4999999999257505,0.09999999025101092,-3.7704215208304986e-08,-1.563899372671608e-09,-0.0016857054986480116,-0.0,-0.0,-1.025110042854155e-11,-8.36701193682289e-12,-1.808003481081844e-07
201,0.3782340807969914,0.49999999992198985,0.099999989963641,-3.757661181196265e-08,-1.3936717968445783e-09,-0.0017235325588229001,-0.0,-0.0,-1.0556715721681836e-11,-8.275274227603334e-12,-1.7993171892871721e-07
202,0.38616822206893076,0.4999999999181847,0.0999999896916339,-3.749922806557843e-08,-1.2345554079367514e-09,-0.001761384173966266,-0.0,-0.0,-1.0861048206364828e-11,-8.183494297430243e-12,-1.791175854337792e-07
203,0.39415798541110647,0.4999999999144641,0.09999998943528744,-3.7470274595991505e-08,-1.086426012985909e-09,-0.0017992446087866775,-0.0,-0.0,-1.1164185874337083e-11,-8.091644564690588e-12,-1.7835710546538094e-07
204,0.4022001734431204,0.4999999999106894,0.09999998919482736,-3.7489986493358644e-08,-9.4902493087905e-10,-0.0018371003983496366,-0.0,-0.0,-1.1465536580545288e-11,-7.999653579823682e-12,-1.7764945067889193e-07
205,0.41029147604325295,0.4999999999067687,0.09999998897040716,-3.755744795901043e-08,-8.221428349971932e-10,-0.0018749366590377669,-0.0,-0.0,-1.176346978772665e-11,-7.907499095413079e-12,-1.7699380450966865e-07
206,0.41842855033042053,0.49999999990290994,0.09999998876211663,-3.7672260958798864e-08,-7.055168864881532e-10,-0.0019127377248614635,-0.0,-0.0,-1.2058470104146557e-11,-7.815180791759742e-12,-1.763893753741729e-07
207,0.4266080197625719,0.4999999998990249,0.0999999885699771,-3.7835086753059196e-08,-5.988631173663078e-10,-0.0019504925433810993,-0.0,-0.0,-1.2349965970649875e-11,-7.722656450133976e-12,-1.7583537976895097e-07
208,0.4348263578187103,0.4999999998951036,0.0999999883939553,-3.8044043256422764e-08,-5.019827664856607e-10,-0.001988186484629414,-0.0,-0.0,-1.2636950096077799e-11,-7.629926319837287e-12,-1.7533103998305906e-07
209,0.44308007333061844,0.4999999998912776,0.09999998823396813,-3.829983284122478e-08,-4.1458682040049326e-10,-0.002025807226543359,-0.0,-0.0,-1.2920364346848255e-11,-7.536970581492808e-12,-1.7487559357102476e-07
210,0.4513655779849463,0.49999999988735766,0.09999998808988313,-3.860115209832013e-08,-3.3642000531271246e-10,-0.002063341024481349,-0.0,-0.0,-1.3198914984263336e-11,-7.443746317459522e-12,-1.744682912316899e-07
211,0.4596792866367042,0.4999999998834872,0.09999998796152379,-3.894853048266687e-08,-2.6719492985960556e-10,-0.00210077343948938,-0.0,-0.0,-1.3472977065647025e-11,-7.350230481496792e-12,-1.7410840900300423e-07
212,0.4680175924145082,0.4999999998795771,0.09999998784866354,-3.9342272858207313e-08,-2.066161106584526e-10,-0.002138094614827515,-0.0,-0.0,-1.3741840260598717e-11,-7.256379140131489e-12,-1.7379523196617842e-07
213,0.4763767682022247,0.49999999987568894,0.09999998775104398,-3.978054942779439e-08,-1.5443820272808592e-10,-0.002175291175025454,-0.0,-0.0,-1.4005121373646475e-11,-7.16217421634068e-12,-1.7352805194049363e-07
214,0.4847531481919648,0.49999999987188554,0.09999998766837531,-4.026432130576803e-08,-1.1036557931970647e-10,-0.0022123519876196636,-0.0,-0.0,-1.4263440685392559e-11,-7.067564171196444e-12,-1.7330617649640647e-07
215,0.4931429933725016,0.49999999986798954,0.09999998760033667,-4.079215313424975e-08,-7.4122101632107e-11,-0.0022492645947374715,-0.0,-0.0,-1.451544361468779e-11,-6.972503448614315e-12,-1.7312892675080012e-07
216,0.5015425938860516,0.49999999986416926,0.09999998754658164,-4.136467297876445e-08,-4.541837471452796e-11,-0.002286015808209658,-0.0,-0.0,-1.4761675572180443e-11,-6.876975365703196e-12,-1.729956487560716e-07
217,0.5099482448513706,0.4999999998603926,0.09999998750672986,-4.198230623656764e-08,-2.3966411519494894e-11,-0.0023225970616801463,-0.0,-0.0,-1.500150070425105e-11,-6.780953102725866e-12,-1.729056978079702e-07
218,0.518356146724317,0.49999999985665977,0.09999998748038497,-4.26431963018511e-08,-9.498808574314737e-12,-0.0023589962684297506,-0.0,-0.0,-1.5235214287435757e-11,-6.684415148854075e-12,-1.7285843597003572e-07
219,0.5267625863063641,0.4999999998530422,0.09999998746713477,-4.334828039928649e-08,-1.7310991806632645e-12,-0.002395206115439711,-0.0,-0.0,-1.5462893224863008e-11,-6.587300837237423e-12,-1.7285322985037203e-07
220,0.5351637532934652,0.49999999984936755,0.09999998746655837,-4.40948672100839e-08,-3.857788453783988e-13,-0.002431212835704447,-0.0,-0.0,-1.5684117827808426e-11,-6.4895509383211146e-12,-1.728894602690563e-07
221,0.543555996656516,0.4999999998456842,0.09999998747822192,-4.4884974616631e-08,-5.182357134129442e-12,-0.002467004579519237,-0.0,-0.0,-1.5898304823091595e-11,-6.3911550861283e-12,-1.7296654392841296e-07
222,0.5519356426384475,0.4999999998421672,0.09999998750166111,-4.5719172385635475e-08,-1.585620770342063e-11,-0.0025025740503954092,-0.0,-0.0,-1.610635304379386e-11,-6.292079313782832e-12,-1.7308390604035958e-07
223,0.5602989458077188,0.4999999998386798,0.0999999875364094,-4.6595037172097954e-08,-3.213639136187677e-11,-0.0025379105132552126,-0.0,-0.0,-1.6307790660104896e-11,-6.192255515804815e-12,-1.7324097788688508e-07
224,0.5686422741508972,0.49999999983516696,0.09999998758199778,-4.751357359296312e-08,-5.3763169279414926e-11,-0.0025730078967736436,-0.0,-0.0,-1.6502290826292167e-11,-6.091637883594421e-12,-1.7343719468230228e-07
225,0.5769619254786159,0.49999999983180077,0.09999998763795911,-4.847181078441465e-08,-8.045823789532345e-11,-0.0026078537590745973,-0.0,-0.0,-1.6690105307983843e-11,-5.990176288020278e-12,-1.7367200493287898e-07
226,0.5852543795002376,0.4999999998284871,0.09999998770382273,-4.947194289681984e-08,-1.1198410897121526e-10,-0.0026424375658030915,-0.0,-0.0,-1.6871016744167303e-11,-5.887833062404527e-12,-1.7394489118270677e-07
227,0.5935161151794984,0.499999999825262,0.09999998777909708,-5.051431298409962e-08,-1.4810789384605446e-10,-0.0026767533221022845,-0.0,-0.0,-1.704497657146618e-11,-5.784580031049075e-12,-1.742553434527261e-07
228,0.6017435652296159,0.4999999998222021,0.09999998786329865,-5.159609681662099e-08,-1.8856701679893153e-10,-0.0027107915999355988,-0.0,-0.0,-1.7212493665648604e-11,-5.680373555038428e-12,-1.7460285680954687e-07
229,0.6099332983719746,0.49999999981912574,0.09999998795595022,-5.271826491476697e-08,-2.331335250140957e-10,-0.00274454756669757,-0.0,-0.0,-1.7373416951114167e-11,-5.575147114942929e-12,-1.7498692945192163e-07
230,0.6180818361064895,0.49999999981614096,0.09999998805658515,-5.3877223315204016e-08,-2.815390384386562e-10,-0.002778007300853526,-0.0,-0.0,-1.7527955702733466e-11,-5.468822942925479e-12,-1.7540708299881051e-07
231,0.6261859598490761,0.49999999981319493,0.09999998816473038,-5.507732945970317e-08,-3.3362750091760277e-10,-0.0028111644892575348,-0.0,-0.0,-1.7675872922207912e-11,-5.3613219083123334e-12,-1.758628700194461e-07
232,0.6342423491787631,0.4999999998103227,0.09999998827990104,-5.63161344738637e-08,-3.8916849669289893e-10,-0.002844014315969543,-0.0,-0.0,-1.7816902564078323e-11,-5.2525724818280116e-12,-1.7635383696011016e-07
233,0.6422477286267743,0.4999999998074977,0.09999998840163815,-5.7590859995955766e-08,-4.479154847438047e-10,-0.0028765486718995135,-0.0,-0.0,-1.7950959906356022e-11,-5.142531673590654e-12,-1.7687953463970253e-07
234,0.6501989700519221,0.49999999980480936,0.09999998852949302,-5.890221696809077e-08,-5.096747509546477e-10,-0.002908763892563152,-0.0,-0.0,-1.8078372792953088e-11,-5.0311587886897885e-12,-1.7743951610194616e-07
235,0.6580929237341799,0.49999999980226956,0.09999998866303221,-6.024635773291866e-08,-5.741941235034105e-10,-0.002940647427244642,-0.0,-0.0,-1.8200081537604003e-11,-4.918358321842304e-12,-1.780333563822363e-07
236,0.6659267009005162,0.499999999799758,0.0999999888018242,-6.162669513645137e-08,-6.41375370092226e-10,-0.0029721941961513005,-0.0,-0.0,-1.831490550604781e-11,-4.804049157326695e-12,-1.7866065958213533e-07
237,0.6736973472522526,0.49999999979738974,0.09999998894543026,-6.304140381235143e-08,-7.110110841208978e-10,-0.003003400561740314,-0.0,-0.0,-1.8423353257284903e-11,-4.688191027364547e-12,-1.7932102296908052e-07
238,0.6814019630851699,0.49999999979513654,0.09999998909343746,-6.448706655953111e-08,-7.828747154239839e-10,-0.003034259653043263,-0.0,-0.0,-1.852598755518344e-11,-4.5707066862569056e-12,-1.8001404708379255e-07
239,0.6890378102726524,0.49999999979292076,0.09999998924544662,-6.596442671031813e-08,-8.568076745423078e-10,-0.0030647689169485577,-0.0,-0.0,-1.8622529633729727e-11,-4.4515029753335774e-12,-1.8073933376281673e-07
240,0.6966021472391861,0.4999999997908169,0.09999998940107546,-6.74691969469296e-08,-9.32577685680189e-10,-0.003094917120754937,-0.0,-0.0,-1.871331202472065e-11,-4.3304877809431125e-12,-1.8149650525743005e-07
241,0.7040924961694521,0.49999999978880816,0.09999998955994654,-6.900474086030635e-08,-1.0101400345502406e-09,-0.0031247003929199026,-0.0,-0.0,-1.879808675270455e-11,-4.207576210187644e-12,-1.8228521083781348e-07
242,0.7115063326593183,0.49999999978696674,0.09999998972167827,-7.056887581354789e-08,-1.0893105549457338e-09,-0.00315411624952888,-0.0,-0.0,-1.8876955256878978e-11,-4.082693470323555e-12,-1.8310509183319522e-07
243,0.7188411989579832,0.4999999997852368,0.0999999898859174,-7.215751702886524e-08,-1.1698834621028323e-09,-0.003183158945372761,-0.0,-0.0,-1.895031503222015e-11,-3.955759253005051e-12,-1.8395579182760314e-07
244,0.7260948100107945,0.4999999997836063,0.09999999005232507,-7.377170225086473e-08,-1.2517348628308355e-09,-0.0032118270360959465,-0.0,-0.0,-1.901821188724035e-11,-3.8266800821465505e-12,-1.8483695476923132e-07
245,0.7332648856586218,0.49999999978207627,0.09999999022058059,-7.540618348769621e-08,-1.3346521806178718e-09,-0.00324011053609553,-0.0,-0.0,-1.9080909720607375e-11,-3.6953596250852245e-12,-1.8574824337885125e-07
246,0.7403494116114412,0.4999999997806432,0.09999999039037048,-7.706452268184908e-08,-1.4186390560779603e-09,-0.0032680067011570234,-0.0,-0.0,-1.913877642701978e-11,-3.5616821589322245e-12,-1.8668934561264206e-07
247,0.7473463416481047,0.4999999997792538,0.0999999905613772,-7.87443868524848e-08,-1.5035337151538175e-09,-0.0032955140911026344,-0.0,-0.0,-1.9191459413104747e-11,-3.4255098759113324e-12,-1.8765994055996186e-07
248,0.7542537033428219,0.4999999997779548,0.09999999073331167,-8.044108216479876e-08,-1.5891514460236006e-09,-0.0033226281018031616,-0.0,-0.0,-1.9238124855542506e-11,-3.2867814968324842e-12,-1.8865970840644828e-07
249,0.7610696988239193,0.49999999977683135,0.09999999090589935,-8.215572977546493e-08,-1.6753984284988387e-09,-0.0033493482506074318,-0.0,-0.0,-1.928011368790304e-11,-3.1454577674234058e-12,-1.8968832875623151e-07
250,0.7677925456043423,0.49999999977579895,0.09999999107888337,-8.388256936831594e-08,-1.76208261802088e-09,-0.003375665791971561,-0.0,-0.0,-1.9317758146284024e-11,-3.0014400352693817e-12,-1.9074549851191517e-07
251,0.7744207180173523,0.49999999977484416,0.09999999125201442,-8.562519708468908e-08,-1.8492482730322542e-09,-0.0034015790351828823,-0.0,-0.0,-1.9350775124893915e-11,-2.8546486912693253e-12,-1.918309379330752e-07
252,0.7809526700339908,0.4999999997739703,0.09999999142504,-8.738097435800444e-08,-1.9367540674381097e-09,-0.0034270875049256543,-0.0,-0.0,-1.9379091267895648e-11,-2.705037602754944e-12,-1.9294435754375625e-07
253,0.7873869348407186,0.49999999977323567,0.09999999159773436,-8.91450167333985e-08,-2.0244347537144525e-09,-0.0034521876572719177,-0.0,-0.0,-1.9403487785780464e-11,-2.552554474345796e-12,-1.9408546793923e-07
254,0.7937222139845818,0.49999999977254883,0.09999999176988554,-9.091829734072484e-08,-2.1122228597423708e-09,-0.0034768799138493876,-0.0,-0.0,-1.942260361848162e-11,-2.3972183976105955e-12,-1.9525397822999444e-07
255,0.7999572319023239,0.4999999997720604,0.09999999194129862,-9.269463029683415e-08,-2.19994517876129e-09,-0.0035011566621073807,-0.0,-0.0,-1.943856194138784e-11,-2.2390794515497086e-12,-1.9644961356861516e-07
256,0.8060909569756679,0.49999999977166765,0.0999999921117855,-9.447782474729653e-08,-2.287681019298057e-09,-0.0035250172286444307,-0.0,-0.0,-1.9450653158476887e-11,-2.0781692318350392e-12,-1.9767212071342124e-07
257,0.8121223433682047,0.49999999977136134,0.09999999228115458,-9.626497065954363e-08,-2.375305489622088e-09,-0.003548462014727592,-0.0,-0.0,-1.9458606862625586e-11,-1.914624766574127e-12,-1.98921235774753e-07
258,0.8180504251791364,0.4999999997711838,0.09999999244923995,-9.805078173220582e-08,-2.4626713061053665e-09,-0.0035714884614395865,-0.0,-0.0,-1.9463053602236608e-11,-1.7486631637278969e-12,-2.0019669407663902e-07
259,0.8238743962732401,0.49999999977107074,0.09999999261588818,-9.98363180616065e-08,-2.5497334968983927e-09,-0.0035940977951413417,-0.0,-0.0,-1.9463495372450092e-11,-1.5806194292080357e-12,-2.014982287210265e-07
260,0.8295934776173431,0.49999999977105497,0.09999999278096056,-1.0161533001869797e-07,-2.6363360095792573e-09,-0.00361628353257236,-0.0,-0.0,-1.9460747390948322e-11,-1.4109794857387584e-12,-2.0282558752893574e-07
261,0.8352071136539345,0.4999999997711594,0.09999999294432424,-1.0339151185851894e-07,-2.7225851197703883e-09,-0.003638045893676164,-0.0,-0.0,-1.945499723563435e-11,-1.2403847758917188e-12,-2.0417853819264196e-07
262,0.8407147419130515,0.4999999997713255,0.09999999310584214,-1.051622395410965e-07,-2.808370507402268e-09,-0.0036593860705149816,-0.0,-0.0,-1.944548659542588e-11,-1.069755429920795e-12,-2.0555683712849348e-07
263,0.8461158739089565,0.499999999771613,0.09999999326540061,-1.069215981875133e-07,-2.8935609583697133e-09,-0.0036803023970969646,-0.0,-0.0,-1.9433026324597146e-11,-9.003693059453991e-13,-2.0696023924894197e-07
264,0.8514101709141497,0.4999999997719725,0.09999999342289703,-1.0867116907432636e-07,-2.9781303347410667e-09,-0.0037007968667752177,-0.0,-0.0,-1.9417303809408537e-11,-7.33953541314146e-13,-2.0838849648496374e-07
265,0.8565973193478387,0.49999999977245774,0.09999999357824085,-1.1040439332240056e-07,-3.061936403121477e-09,-0.0037208640134075493,-0.0,-0.0,-1.9399160031713037e-11,-5.728428628668301e-13,-2.0984137424667726e-07
266,0.861677209013749,0.49999999977304654,0.09999999373134642,-1.1212522639441257e-07,-3.1451075498064134e-09,-0.0037405049123787593,-0.0,-0.0,-1.937850715268463e-11,-4.2019060570537255e-13,-2.1131865627385077e-07
267,0.866649722206095,0.49999999977367776,0.09999999388212444,-1.1383046443994557e-07,-3.227544619960621e-09,-0.003759721433319959,-0.0,-0.0,-1.9355049160621573e-11,-2.803164108755082e-13,-2.1282011442726344e-07
268,0.8715148142909795,0.49999999977441695,0.09999999403050573,-1.155150110988682e-07,-3.309130870201431e-09,-0.0037785127564432712,-0.0,-0.0,-1.9329095219736372e-11,-1.5915120525213738e-13,-2.143455184635774e-07
269,0.8762725705183794,0.49999999977520826,0.0999999941764292,-1.1718022297711424e-07,-3.389854594050893e-09,-0.0037968815335226347,-0.0,-0.0,-1.930045244085961e-11,-6.48824507686888e-14,-2.1589463449315059e-07
270,0.880923100117034,0.4999999997760942,0.09999999431984537,-1.1881928527720878e-07,-3.4695866911123153e-09,-0.003814823274575133,-0.0,-0.0,-1.9269242217835023e-11,-8.908433947097146e-15,-2.1746724103054713e-07
271,0.885466692991478,0.4999999997770977,0.09999999446070847,-1.2043652305522101e-07,-3.548471428362496e-09,-0.0036686606570186845,-0.0,-0.0,-1.9236298299683347e-11,-7.24216145345471e-15,-2.1906313350597324e-07
272,0.8917255090101239,0.4998658033084463,0.09999999459896776,-2.2321908318385921e-07,-1.1618308472143942e-06,-0.003207948912643056,-0.0,-0.0,-2.808430203721548e-06,-1.264367048616669e-08,-1.9780557438139594e-07
273,0.9026012484947411,0.4951206156893222,0.09999998290306632,-7.401656567706124e-07,-2.9146091896380837e-05,-0.003118617691552913,-0.0,-0.0,-4.431137298497472e-06,-1.6438116263548493e-07,-2.027432114670951e-07
274,0.9088705407433284,0.4799509509748734,0.09999994453107944,-3.6317839137612206e-07,-5.342333750291458e-05,-0.003096222243699784,-0.0,-0.0,-8.047688581899757e-06,-5.783299309168684e-07,-2.977590619632003e-07
275,0.9127418019328746,0.44988407083790777,0.09999987362469406,-1.2294703267292136e-09,-6.215044785959268e-05,-0.0030815370139880543,-0.0,-0.0,-1.190593616682516e-05,-1.3714080645830434e-06,-4.954835369411515e-07
276,0.9155162207029806,0.40850573981817256,0.09999977580922997,-4.1420882336173905e-07,-6.203838307218806e-05,-0.0030890940158600525,-0.0,-0.0,-9.737956211724056e-06,-2.5457975424724636e-06,-7.907902135598293e-07
277,0.9180205696205872,0.3630399414565651,0.09999966027111303,-1.7257162398311458e-06,-6.151769721031384e-05,-0.003111277311300511,-0.0,-0.0,-5.329747759675986e-06,-3.90901351374672e-06,-1.1824322168649046e-06
278,0.9203815427957319,0.31756053170586596,0.09999953511060948,-3.8132899730148285e-06,-6.12539187194165e-05,-0.0031445105559114814,-0.0,-0.0,-1.108511510949951e-06,-5.133266330838927e-06,-1.6719863693941116e-06
279,0.9226317230259802,0.27466511308068897,0.09999940777363205,-6.507719506690933e-06,-6.129062968676374e-05,-0.0033258443167511727,-0.0,-0.0,-1.795515567497951e-05,-5.233838141140786e-06,-2.2682560619038584e-06
280,0.9242156002681348,0.23587379234189212,0.09999929408809184,-9.60604305237643e-06,-6.371721682984531e-05,-0.003612237810026684,-0.0,-0.0,-0.00011338311787344696,-3.6465493028788315e-06,-2.9934077271471853e-06
281,0.9257416945764857,0.19948754025176896,0.09999921984721202,-1.2172863458399153e-05,-7.120851984119125e-05,-0.0039831701895389655,-0.0,-0.0,-0.00027722358020904097,-9.206228981363431e-07,-3.8701251879268484e-06
282,0.9272935730217503,0.16702421308750506,0.09999918928682747,-1.4071723198286614e-05,-7.55910943399676e-05,-0.004455218607943635,-0.0,-0.0,-0.0005340991973062696,-2.4239512409133985e-07,-4.9010320712493395e-06
283,0.9288512539758311,0.13793820517439173,0.09999920203628551,-1.4928780220681099e-05,-8.077712618494207e-05,-0.005042692374781454,-0.0,-0.0,-0.0009029828114521734,-6.026047391680759e-06,-6.10251436988901e-06
284,0.9303724452316964,0.1122648502734399,0.09999925413856675,-1.4656340585769722e-05,-8.679792851278935e-05,-0.0057617514209221616,-0.0,-0.0,-0.0014053082367071275,-2.4232894721857527e-05,-7.493160720057389e-06
285,0.9318075877164176,0.0899423059778079,0.09999933883116091,-1.3302180416989986e-05,-9.365280360402128e-05,-0.006630571175453519,-0.0,-0.0,-0.0020606313809999792,-6.200548982922148e-05,-9.092723529029623e-06
286,0.9331000486000162,0.07084815340757873,0.09999944728928896,-1.1047969594340744e-05,-0.00010114418601196907,-0.00767000388006719,-0.0,-0.0,-0.002906622275402107,-0.0001271566724006235,-1.0923134020275524e-05
287,0.9341842059952151,0.05476317284704544,0.09999956930600606,-8.175838285036234e-06,-0.00010957694873442642,-0.00890396050462681,-0.0,-0.0,-0.0040663589714990565,-0.0002282520025357229,-1.3020162995850702e-05
288,0.9349751482334437,0.04135456848008984,0.09999969390445862,-5.043354908285138e-06,-0.000121227350885167,-0.00864941135635727,-0.0,-0.0,-0.004646624049701255,-0.00036685728317062226,-1.531796028907281e-05
289,0.9377465887199764,0.030991902811713153,0.0999998098509565,-2.568286906208709e-06,-0.00010472259309148294,-0.004789996417214468,-0.0,-0.0,-0.0012376173083038689,-0.0004870563541854434,-1.746828181533402e-05
290,0.9465005397866698,0.02201447705472557,0.09999982323453577,-9.348425666711112e-07,-7.206805750949046e-05,-0.003921918965553483,-0.0,-0.0,-0.0008371299179353308,-0.0005703237697002527,-1.9410600880737757e-05
291,0.9495860238316378,0.019122331892446384,0.09999976028443726,-1.1781584984450436e-06,-6.584200967308643e-05,-0.004390005126219323,-0.0,-0.0,-0.0015675285821389617,-0.0006676874205841774,-2.14997404732038e-05
292,0.9486210280310544,0.0179033600835632,0.09999968732138803,-2.053836435156886e-06,-7.403647800915278e-05,-0.004940682016696365,-0.0,-0.0,-0.0023347569316761515,-0.0008004166318192332,-2.3865965492897622e-05
293,0.9473710738427684,0.016506893654528246,0.09999963392827516,-2.731060369522522e-06,-8.400678686219718e-05,-0.005582541636933364,-0.0,-0.0,-0.0033069080071404335,-0.0009707660354210664,-2.6528954926764125e-05
294,0.9458621653568514,0.014990403499181437,0.09999960479831299,-3.0291964551388754e-06,-9.487787699491516e-05,-0.006301948508217966,-0.0,-0.0,-0.004455829283946542,-0.0011835115110840231,-2.9517061325653057e-05
295,0.94403471841442,0.013470112234853783,0.09999960220765024,-3.343364476224225e-06,-0.00010649801696165883,-0.007161871772050275,-0.0,-0.0,-0.005910751191504727,-0.0014438494100924967,-3.285902366580856e-05
296,0.9418838680940169,0.011821047388170063,0.09999962464736496,-2.7238171904739615e-06,-0.00011892637921004342,-0.008159455708925616,-0.0,-0.0,-0.007642980263826815,-0.0017570054639432188,-3.658191080031023e-05
297,0.9393199345061327,0.01016282428009179,0.09999966742709825,-1.8154794090939406e-06,-0.00013168855298278993,-0.009314501387302828,-0.0,-0.0,-0.009711270935628317,-0.002126838450975424,-4.0713475045805096e-05
298,0.9362753813168883,0.008535931545700665,0.09999972518810629,-8.450516481447226e-07,-0.0001451205827312381,-0.010649219290901825,-0.0,-0.0,-0.012127985144333992,-0.0025560054168926546,-4.527982511252156e-05
299,0.9326877287631244,0.006995160067368415,0.09999979145225737,-1.3761627815682448e-07,-0.00015846428496290845,-0.012196347670047836,-0.0,-0.0,-0.013066803180210427,-0.0030258063624775487,-5.005611095120531e-05
300,0.9289828439558316,0.005828882858723528,0.09999985903662356,-2.870737449391997e-08,-0.00014107168446372506,-0.007747058536460736,-0.0,-0.0,-0.008399881657658053,-0.003454872485797562,-5.4467222935523786e-05
301,0.9349714667840341,0.004302287594549568,0.09999988167805626,-5.524226843555738e-07,-0.00010874047779633675,-0.006746865014070231,-0.0,-0.0,-0.009836978848705779,-0.0038972585873918303,-5.876325981305984e-05
302,0.9352546853146236,0.0033244757829834475,0.09999983741337509,-1.7121409520894465e-06,-8.834864817598424e-05,-0.007548166176744107,-0.0,-0.0,-0.009837992306908292,-0.004352713987518188,-6.305099519275503e-05
303,0.929621131419573,0.0032528103607490986,0.09999978633054066,-1.3602452261724907e-06,-0.0001007739903674269,-0.008415087950470593,-0.0,-0.0,-0.012146561043771695,-0.004869590687078525,-6.777333622003662e-05
304,0.9235216033952067,0.0031487528207486564,0.09999974973839637,-1.0464685856989353e-06,-0.00011380763263938264,-0.009347191971525125,-0.0,-0.0,-0.014718161291567854,-0.00545402984875119,-7.297485620993688e-05
305,0.9169408526422055,0.003016253265639307,0.09999973248607918,-7.71612577160454e-07,-0.00012728945196623857,-0.010343986370095613,-0.0,-0.0,-0.017559030915852866,-0.006107219320770588,-7.867741117765623e-05
306,0.9098645958918726,0.0028601169514957964,0.0999997367529023,-5.360866809930606e-07,-0.0001410918939704868,-0.007511944749017045,-0.0,-0.0,-0.01328826358527218,-0.00675006956748571,-8.410718069289302e-05
307,0.9117698514335217,0.002712864272136025,0.09999971277524945,-2.613233172347817e-07,-0.0001197194519393398,-0.008277652351654953,-0.0,-0.0,-0.016663686313386848,-0.007509065400017934,-9.043160557297255e-05
308,0.9038126287828631,0.0026949086519190745,0.099999656490798,-1.6895376116423071e-07,-0.00013265874486437205,-0.009146447978233718,-0.0,-0.0,-0.02005188555514474,-0.008315154638629814,-9.69177876276202e-05
309,0.8948290854757968,0.002582791202410266,0.0999996199650061,-1.6735816601628808e-07,-0.00014856298125152064,-0.010080597779746422,-0.0,-0.0,-0.02378785747475513,-0.009211934015555557,-0.0001040098866932869
310,0.8852559243846755,0.002448444718891597,0.09999960589119714,-1.6448143173218418e-07,-0.00016459638438326565,-0.01118418795058907,-0.0,-0.0,-0.02802823253245773,-0.010198545758738992,-0.00011170927261684736
311,0.8750695929128356,0.002213469177733789,0.09999961416461617,-3.915395904069769e-07,-0.00017921360218645503,-0.012369432447791028,-0.0,-0.0,-0.032665343843365224,-0.011272407426089724,-0.00012000855258486742
312,0.8642139457081365,0.0019761129563578297,0.09999964269121724,-7.098407304413146e-07,-0.00019315613958459515,-0.010247565975265707,-0.0,-0.0,-0.013229803908139662,-0.012431224333709162,-0.00012890392364587453
313,0.8621973214089365,0.0019443631374406669,0.0999996506756822,-7.967780300794875e-07,-0.00014546580710776775,-0.011333780255564039,-0.0,-0.0,-0.031762108359654186,-0.013522703720983398,-0.00013623255978884084
314,0.8505595940648986,0.0016559332288840264,0.09999962832532591,-1.2356189891834115e-06,-0.00015543418533672319,-0.011214674314506566,-0.0,-0.0,-0.03685276352426977,-0.014750212712090816,-0.00014476448549399594
315,0.842093478594462,0.0014701460894488763,0.09999962613052343,-1.5225883639745678e-06,-0.00014423238112796114,-0.010133483208020003,-0.0,-0.0,-0.03722111369173419,-0.01602266736121716,-0.00015324501150594796
316,0.8366154248388751,0.0013794948535322698,0.09999957368764262,-1.5109282799877994e-06,-0.00011626920364305163,-0.01107076990100988,-0.0,-0.0,-0.03348563454832155,-0.0172816071841634,-0.00016052191792044438
317,0.8233422985262164,0.0012042478269010924,0.09999950305962524,-1.2880651210933178e-06,-0.00013079197653497615,-0.012070303860508384,-0.0,-0.0,-0.03859229598738202,-0.018681568839721437,-0.00016905133114606346
318,0.8094449089570835,0.001040836782195776,0.09999945625676022,-1.077201154121024e-06,-0.00014555338947296184,-0.013131540106223034,-0.0,-0.0,-0.04411808088030977,-0.020185565875769206,-0.0001782458134533838
319,0.794918963373008,0.0008906711965596393,0.09999943703521942,-8.779824981031908e-07,-0.00016049234230331393,-0.014449122093252336,-0.0,-0.0,-0.05047675803459846,-0.021786190557641503,-0.00018809202942903083
320,0.7793202306126253,0.0007002961197775654,0.09999944448615883,-1.3386878606929157e-06,-0.00017452340314057262,-0.015941707097021883,-0.0,-0.0,-0.057411477065326046,-0.023470455481762235,-0.0001985548434671592
321,0.7630228190149518,0.0005315587783601629,0.0999994750215683,-2.176076526699897e-06,-0.0001868352454408746,-0.017635455703395485,-0.0,-0.0,-0.06493475979957704,-0.02522489241284276,-0.00020957369478683804
322,0.7460444217572689,0.0003894373129409251,0.09999952534514733,-3.5757473477923153e-06,-0.00019683009407095575,-0.01723434986847924,-0.0,-0.0,-0.07306675929304624,-0.027033377285231915,-0.0002210698025920863
323,0.7347557875334311,0.0003011838789666972,0.09999959109643393,-5.296345097719204e-06,-0.00016272115182573658,-0.014793413242798753,-0.0,-0.0,-0.07086998049320174,-0.028792956222259386,-0.00023006263169485073
324,0.7296029316838406,0.0002579668879930957,0.0999995396755022,-6.21335224160181e-06,-0.00010542561748362569,-0.016134011844434786,-0.0,-0.0,-0.058263297592012576,-0.030629678060967815,-0.00023944600285459214
325,0.7110296139423509,0.00018787437508924619,0.09999947438218748,-6.157342307855854e-06,-0.00011938603494981144,-0.017635648437133177,-0.0,-0.0,-0.06677228362892912,-0.03255406158798865,-0.00024938100931299316
326,0.6907603185109102,0.00012846323032124178,0.0999994314232257,-6.560813154555528e-06,-0.0001395510681699834,-0.01932431101019524,-0.0,-0.0,-0.07589326883067773,-0.034567317812641656,-0.0002601408234077525
327,0.6698291675284724,8.389201691687318e-05,0.09999941219753744,-7.453404152010909e-06,-0.00015828894506296633,-0.021224279297668673,-0.0,-0.0,-0.08585667832043153,-0.036651912608561196,-0.0002716329686568328
328,0.6481905093861661,5.2137024108897745e-05,0.09999941659176143,-8.94922506969403e-06,-0.00017632281498070133,-0.0233640360920972,-0.0,-0.0,-0.09689979052971481,-0.038790805438105105,-0.00028379497498638484
329,0.6258137704782016,3.0712568621899905e-05,0.09999944304722422,-1.1215974685741783e-05,-0.00019433044282081836,-0.025631084894711782,-0.0,-0.0,-0.108760680990199,-0.04096971080821529,-0.00029654742683607926
330,0.6027328735758203,1.759788978272198e-05,0.09999948933442669,-1.3632828332440832e-05,-0.00021249451310216373,-0.019195900985424664,-0.0,-0.0,-0.06858548160531747,-0.0432120664372288,-0.0003063100793206778
331,0.6026438583718118,1.2814580543675867e-05,0.09999944106533687,-1.619436686123958e-05,-0.00010191522326243593,-0.020692430409002937,-0.0,-0.0,-0.0868673509221459,-0.045506698024340146,-0.0003186438057299021
332,0.580841668002715,7.262085295795166e-06,0.0999992910799739,-1.5673305689067528e-05,-0.00013797877258252806,-0.022372239609229776,-0.0,-0.0,-0.10247861564931678,-0.04794211999564272,-0.0003309811377747213
333,0.5583316578052805,3.888246921717345e-06,0.09999916144817839,-1.6183721281804775e-05,-0.00019049734781595215,-0.024281520759155416,-0.0,-0.0,-0.12018029308954759,-0.05048734442301357,-0.0003452263275885809
334,0.5345978364222962,1.8831108157247025e-06,0.09999905976544957,-1.7528227415964897e-05,-0.00025245788115761073,-0.026440811060344478,-0.0,-0.0,-0.1410353154769176,-0.053127109835948816,-0.0003614927158320091
335,0.5098668988523853,8.243049366988967e-07,0.09999899026888875,-2.002499415498272e-05,-0.00032775806183700436,-0.028885628772432198,-0.0,-0.0,-0.16556457661018242,-0.05584611443959647,-0.00037996706156775
336,0.4841428972439302,3.2432592158491947e-07,0.09999895500903659,-2.3892202459056526e-05,-0.00041736481859215634,-0.03165646268482182,-0.0,-0.0,-0.19436905892860917,-0.05862684959962375,-0.0004008492354794929
337,0.4574438866620693,1.1401713766508724e-07,0.09999895390440637,-2.9434313477638182e-05,-0.0005221999989104948,-0.034799417194572836,-0.0,-0.0,-0.22814115410627897,-0.06144990793467856,-0.0004243504800104212
338,0.42980769618311854,3.5588601921321294e-08,0.0999989850773371,-3.703584913684863e-05,-0.0006431283526598584,-0.0383669475349777,-0.0,-0.0,-0.26767723081531625,-0.06429445181631326,-0.0004506910380792062
339,0.40129799827996177,9.798050169663347e-09,0.0999990451773815,-4.7151467326153486e-05,-0.000780947595592959,-0.04214272472253631,-0.0,-0.0,-0.31084287770416136,-0.0671386841127228,-0.0004798784884340374
340,0.3725027730474853,2.4936591923327885e-09,0.09999913041428977,-5.7587093423118873e-05,-0.0009390381855663683,-0.04672428654149269,-0.0,-0.0,-0.3644834819830105,-0.06996091069310656,-0.0005121550219459101
341,0.3425569246864389,5.187558004070995e-10,0.0999992352224592,-7.403213415989108e-05,-0.001114940273286841,-0.051935168231599486,-0.0,-0.0,-0.4270434400010479,-0.0727390758003639,-0.0005479855969250961
342,0.31215850501700143,9.30809397434973e-11,0.09999935275104253,-9.459257025080402e-05,-0.0013103477370773815,-0.057859278025021055,-0.0,-0.0,-0.5000304977232215,-0.07545278561589032,-0.000587597658081891
343,0.28148693715960227,1.4382537319747254e-11,0.0999994765416338,-0.00011998363927865773,-0.0015264661649020527,-0.0641298020721877,-0.0,-0.0,-0.5794358052090932,-0.07808153129054335,-0.0006308449633182488
344,0.25147527574559664,1.9889156388637537e-12,0.0999996004047567,-0.00014576686527121405,-0.0017952690505602532,-0.07073625097628425,-0.0,-0.0,-0.6652289021378217,-0.08060525519872952,-0.0006772491776513808
345,0.22247395368223136,2.4959113450862597e-13,0.09999971834938515,-0.00017098808000948004,-0.002151275961692299,-0.07766726237779857,-0.0,-0.0,-0.7572939808961476,-0.08300643114259779,-0.0007264695653086263
346,0.19481597406268936,2.898506300889167e-14,0.09999982399983032,-0.0001947106224825638,-0.0026480926904777382,-0.08491068778415482,-0.0,-0.0,-0.855408402673848,-0.08527023144601215,-0.0007784473725041485
347,0.16879991754031962,3.1987656419991373e-15,0.0999999106613024,-0.00021604127085428295,-0.0033603681833844433,-0.09245390860805222,-0.0,-0.0,-0.9592155161412578,-0.08738450709641807,-0.0008336061167050788
348,0.14467492380986852,3.475112059735762e-16,0.09999997138902998,-0.00023415331127509616,-0.004385145762193776,-0.10028460308273429,-0.0,-0.0,-1.0,-0.08933965815984607,-0.0008931052883577213
349,0.12262945983749843,3.8933581076512047e-17,0.09999999906250735,-0.00024830362151138084,-0.005842336512956668,-0.1083923835391954,-0.0,-0.0,-1.0,-0.09112843982475614,-0.0009591419494398195
350,0.10278516365322939,4.783687945733598e-18,0.09999998646610803,-0.0002578400668721406,-0.007873912528666404,-0.11677210646214686,-0.0,-0.0,-1.0,-0.09274575721904214,-0.0010352857472532373
351,0.0851963036234638,6.999616514583082e-19,0.09999992637688729,-0.0002621942870807619,-0.010641272638279886,-0.12543043236711607,-0.0,-0.0,-1.0,-0.0941885220342335,-0.001126818180966661
352,0.06985463608232588,1.3651317866153903e-19,0.09999981165986853,-0.0002608522844395389,-0.01432018450199287,-0.13439883702011848,-0.0,-0.0,-1.0,-0.09545569296333972,-0.0012410225917188554
353,0.05669894527425097,4.156112635182102e-20,0.0999996353703575,-0.00025328976381606657,-0.019093060792158705,-0.14375973346355753,-0.0,-0.0,-1.0,-0.09654873905501225,-0.0013873299737741048
354,0.045628562925736436,2.4824317256405476e-20,0.09999939086157876,-0.00023884938699736549,-0.02514001074302985,-0.15396197483584406,-0.0,-0.0,-1.0,-0.09747304769057519,-0.0015771538401734009
355,0.037792899448173704,1.3519970308945401e-19,0.09999907189348967,-0.0001937794983614889,-0.03345713020006818,-0.16693397310570746,-0.0,-0.0,-1.0,-0.09887551905953534,-0.0017965260447440922
356,0.03797703556803865,1.6380541259374727e-16,0.09999865340265451,-5.915949490759813e-05,-0.0499583703061363,-0.18190096504106018,-0.0,-0.0,-1.0,-0.10089779317811327,-0.002067639407751974
357,0.037475469735112586,3.909843210268093e-14,0.0999980736994068,-3.88145887769369e-06,-0.07031248369819137,-0.1984128586274935,-0.0,-0.0,-1.0,-0.103389302592083,-0.002463500275756374
358,0.03615478005264337,3.0507688532885774e-12,0.09999729028105717,-1.0051704491937088e-05,-0.09336103058412067,-0.21613486063618284,-0.0,-0.0,-1.0,-0.10617152193477082,-0.0030341781629901463
359,0.03513677570103698,1.436483987300937e-10,0.0999962307797932,-5.7530088530033124e-05,-0.11954133831909375,-0.23577972993798457,-0.0,-0.0,-1.0,-0.10909021393234636,-0.0036704442994424853
360,0.05039655259235256,2.9400616838919695e-08,0.09999477246673488,-0.00010303990624283114,-0.15738640135669293,-0.2562953145789843,-0.0,-0.0,-1.0,-0.11202978649410761,-0.004466905197139431
361,0.07148068998593955,2.081131834131857e-06,0.09999281249444042,-0.00014327200887881693,-0.22441439766451332,-0.2772454668279738,-0.0,-0.0,-1.0,-0.11496734923015353,-0.005426948946300332
362,0.09402863367520126,5.21584637572371e-05,0.09999023344950629,-0.0001814953998497036,-0.3092441236808888,-0.2984649195182343,-0.0,-0.0,-1.0,-0.11791265810341184,-0.006847885131395893
363,0.1165952462571168,0.000634860506780117,0.09998690310098536,-0.00021835350614131884,-0.4032990497019207,-0.3198484019304161,-0.0,-0.0,-1.0,-0.12086508075619654,-0.008969654632901662
364,0.137936792372502,0.004535115837201375,0.09998267447061673,-0.00025507723203104963,-0.5008547992367086,-0.3413357106765186,-0.0,-0.0,-1.0,-0.12382429375573577,-0.012027985733671583
365,0.1570820362073299,0.02130750105614769,0.0999773858475788,-0.0002930575662550098,-0.598156620996411,-0.36289946529012873,-0.0,-0.0,-1.0,-0.12679033712030546,-0.016245070133761228
366,0.1733338790127286,0.07055734060837895,0.09997086080765201,-0.0003336653363978737,-0.6928076459968432,-0.3845349420599487,-0.0,-0.0,-1.0,-0.1297636118190251,-0.021823514013960682
367,0.1862378295756672,0.17187229292533981,0.099962908237586,-0.00037818699552682355,-0.7833561175271908,-0.40625177242584226,-0.0,-0.0,-1.0,-0.1327448477249151,-0.028942607645215744
368,0.19553919559504848,0.31660912306826183,0.09995332236558375,-0.0004278118163124375,-0.8690216204299088,-0.4280677490520535,-0.0,-0.0,-1.0,-0.13573505219595705,-0.037756281537560506
369,0.20114044978040607,0.44965693729899503,0.09994188279893897,-0.00048363764852282705,-0.949506220380229,-0.45000515240179245,-0.0,-0.0,-1.0,-0.13873544391915982,-0.04839223122487453
370,0.20306565400552481,0.49983769806149864,0.09992835456995143,-0.000546676906552741,-1.0248442804439166,-0.47186354528063956,-0.0,-0.0,-1.0,-0.1417473804917845,-0.06095170017475138
371,0.19799877398261165,0.4457661186139945,0.09991248819125932,-0.000624458250841745,-1.0938327095513851,-0.49352237107019803,-0.0,-0.0,-1.0,-0.14497297024878622,-0.07546819775549975
372,0.18382455027565955,0.3357560477993745,0.09989501554969454,-0.0007171848736852145,-1.1568752353485845,-0.5,-0.0,-0.0,-1.0,-0.1481620661999296,-0.09204264501843652
373,0.17268657154004707,0.20201030572304005,0.09987551235945513,-0.0008040237367380632,-1.2186879393946999,-0.5,-0.0,-0.0,-1.0,-0.15148491051660656,-0.11066016939698291
374,0.16208598769200847,0.09579143282592577,0.09985315230040959,-0.0008940256688150372,-1.2776449779631984,-0.5,-0.0,-0.0,-1.0,-0.1548986810702891,-0.13134131760860274
375,0.13729566165036872,0.04028713299088756,0.09982846019110182,-0.0010062212723361036,-1.3306222088223831,-0.5,-0.0,-0.0,-1.0,-0.15837531726497275,-0.15407923446683802
376,0.11723785145448126,0.013055506521925324,0.09980207190347912,-0.0011106166765112873,-1.3829321706159659,-0.5,-0.0,-0.0,-1.0,-0.16185467701561013,-0.1788285927164563
377,0.10400172649844457,0.003047065209150579,0.09977268009926674,-0.0012113551865570403,-1.4345785703419818,-0.5,-0.0,-0.0,-1.0,-0.16533581358044416,-0.20555168820710729
378,0.09118772212873208,0.000518374034284015,0.09973966566723863,-0.0013175430877698225,-1.4866608695398034,-0.5,-0.0,-0.0,-1.0,-0.16879384016359963,-0.23418971534816072
379,0.07900196580872414,6.146094213733269e-05,0.09970271756297078,-0.0014286650384346664,-1.5,-0.5,-0.0,-0.0,-1.0,-0.17223325781014798,-0.2646660708441124
380,0.0676079378087186,4.796920847883541e-06,0.09966151091835616,-0.0015441131580851697,-1.5,-0.5,-0.0,-0.0,-1.0,-0.17576418625496815,-0.29686811054222634
381,0.051228723206528486,2.728241277796938e-07,0.0996169884771526,-0.0016458569546537406,-1.5,-0.5,-0.0,-0.0,-1.0,-0.17924918439326035,-0.3307330138279193
382,0.04277373890095102,6.906240668064709e-09,0.09956903437135389,-0.001753601139748227,-1.5,-0.5,-0.0,-0.0,-1.0,-0.18275339145241254,-0.36609080674092837
383,0.03528855730797594,9.107472807764088e-11,0.09951609871505573,-0.001862117241119577,-1.5,-0.5,-0.0,-0.0,-1.0,-0.18624044355957822,-0.4027889441767002
384,0.024160095631506184,1.7770472123307063e-12,0.09945862369609994,-0.0019262853245483583,-1.5,-0.5,-0.0,-0.0,-1.0,-0.1900249758723468,-0.43714630048361924
385,0.009741685417052746,4.4909408127833274e-12,0.09939638552406849,-0.0018414363656245618,-1.3504858348133346,-0.5,-0.0,-0.0,-1.0,-0.1940954343985578,-0.46743997606387594
386,0.004049087745905297,6.062907754489102e-12,0.09932823631746089,-0.0017330258654314618,-1.0756785795143906,-0.5,-0.0,-0.0,-1.0,-0.1984167572821268,-0.49424249252760183
387,0.0017684397525928573,4.461934169768664e-12,0.09925378728873456,-0.0016134608126085418,-0.8815981134648776,-0.5,-0.0,-0.0,-1.0,-0.2029455281397349,-0.5180403274202187
388,0.0008212915511348728,1.860618306722195e-12,0.0991726373519585,-0.001490039890109624,-0.7476999458542792,-0.5,-0.0,-0.0,-1.0,-0.20764582904721754,-0.5393019882723443
389,0.00040813833723487024,4.63190736991224e-13,0.09908437343493649,-0.0013665492706503857,-0.659196899738657,-0.5,-0.0,-0.0,-1.0,-0.21248838784181434,-0.5584677112094907
390,0.0002175037930488789,7.311263619897687e-14,0.09898857082641396,-0.0012444874848106218,-0.6053572107211528,-0.5,-0.0,-0.0,-1.0,-0.21744948385100799,-0.5759457371788265
391,0.00012423159518356198,7.814561412445413e-15,0.09888479355924806,-0.0011239710795977902,-0.5783493789230095,-0.5,-0.0,-0.0,-1.0,-0.2225097609035027,-0.5921120656434048
392,7.588160602775207e-05,6.119519810627224e-16,0.09877259482879695,-0.0010044052194641444,-0.572413999238461,-0.5,-0.0,-0.0,-1.0,-0.22765300208118866,-0.6073122472758674
393,4.939951205876646e-05,3.935027399802908e-17,0.0986515174450673,-0.0008850130701071492,-0.5831975088632665,-0.5,-0.0,-0.0,-1.0,-0.23286481076865262,-0.6218642215737961
394,3.412060979556364e-05,2.4745945837207192e-18,0.09852109432147671,-0.0007652887007286801,-0.607189676989372,-0.5,-0.0,-0.0,-1.0,-0.23813113971365835,-0.636060729557282
395,2.4857162080645264e-05,1.928927740779498e-19,0.09838084901137342,-0.0006453720093609149,-0.6413269187119053,-0.5,-0.0,-0.0,-1.0,-0.24343678121394416,-0.6501694703029087
396,1.8968588257774075e-05,2.4291747293603916e-20,0.09823029630334168,-0.0005263123786395171,-0.6828004196390417,-0.5,-0.0,-0.0,-1.0,-0.24876411222333586,-0.6644299374771329
397,1.5057224901629395e-05,6.4037993794711646e-21,0.09806894286946022,-0.0004102450310729059,-0.7288993040584099,-0.5,-0.0,-0.0,-1.0,-0.25409233125956837,-0.6790472614020211
398,1.2350737046774762e-05,4.589880807456608e-21,0.0978962879487268,-0.00030051506946544555,-0.7766752133901254,-0.5,-0.0,-0.0,-1.0,-0.25939722903990525,-0.6941839623557617
399,1.0394539492899348e-05,1.1758862921113686e-20,0.09771182407162188,-0.0002015838020160692,-0.8226612386087137,-0.5,-0.0,-0.0,-1.0,-0.2646515639397087,-0.7099505253243311
400,8.903817782124058e-06,1.3231911916284045e-19,0.09751503786075938,-0.00011841895647769515,-0.8632413465625655,-0.5,-0.0,-0.0,-1.0,-0.26982628613179077,-0.7263966046362478
401,7.701832516099774e-06,6.5408651616076325e-18,0.09730541090451927,-5.5457387217866855e-05,-0.8956068848686528,-0.5,-0.0,-0.0,-1.0,-0.27489266448162625,-0.7435057082191078
402,6.68966174340517e-06,1.1171115911670612e-15,0.09708242063035497,-1.5703733260693994e-05,-0.9182694573668054,-0.5,-0.0,-0.0,-1.0,-0.27982489292551976,-0.7611956426062538
403,5.814559833215938e-06,4.5049511344646133e-13,0.09684554114841686,-2.5513047713114555e-07,-0.9307479790885463,-0.5,-0.0,-0.0,-1.0,-0.28460258089937057,-0.7793261122876202
404,5.042057274157219e-06,2.7207529316254135e-10,0.09659424415943227,-8.132791974535863e-06,-0.9334884767811665,-0.5,-0.0,-0.0,-1.0,-0.28921261111671637,-0.7977141976986453
405,4.348830975540457e-06,1.4366372001365743e-07,0.09632799997821985,-3.663048380594591e-05,-0.9283552980183837,-0.5,-0.0,-0.0,-1.0,-0.29364989297526717,-0.816154826167243
406,3.7271149141895808e-06,3.830769573397857e-05,0.09604627857189435,-8.230741554730609e-05,-0.9183353380281974,-0.5,-0.0,-0.0,-1.0,-0.29791693588700663,-0.8344391763615012
407,3.1786452104768057e-06,0.0034029384492322463,0.09574855058749981,-0.00014184763205897773,-0.9061674711631363,-0.5,-0.0,-0.0,-1.0,-0.30202275800447276,-0.8523669042412481
408,2.701286525464579e-06,0.07832351538689476,0.09543428852727433,-0.00021226889159576905,-0.893660371278231,-0.5,-0.0,-0.0,-1.0,-0.305981468574309,-0.8697546667113836
409,2.286987976660509e-06,0.39994325303008216,0.09510296809785494,-0.0002911251712964083,-0.8822819317920574,-0.5,-0.0,-0.0,-1.0,-0.30981035253708855,-0.8864425892240955
410,1.929472096922744e-06,0.4189996828785192,0.0947540695348357,-0.0003769174963191032,-0.873427377012894,-0.5,-0.0,-0.0,-1.0,-0.3135277664385674,-0.90229563695603
411,1.625546446615808e-06,0.09019674733948146,0.09438707887470406,-0.00046891284156768575,-0.8678085508472373,-0.5,-0.0,-0.0,-1.0,-0.31715176178010934,-0.9171999354651628
412,1.3695454862139993e-06,0.004094805068074451,0.0940014893899233,-0.0005665267830157097,-0.8653687095908982,-0.5,-0.0,-0.0,-0.9779740202509203,-0.32069952184760836,-0.9310595163268588
413,1.152980465982158e-06,4.0069071922363144e-05,0.09359680317429159,-0.0006694384825525654,-0.8660511162182251,-0.5,-0.0,-0.0,-0.8996648485344741,-0.3241868245049712,-0.9437952295755414
414,9.694877623441275e-07,8.876809892769796e-08,0.09317253262664656,-0.0007781215741637948,-0.8700008483982958,-0.5,-0.0,-0.0,-0.8196101572860934,-0.3276275991807765,-0.9553422066288051
415,8.154694651966881e-07,4.683092251493407e-11,0.09272820189905308,-0.0008933916431537815,-0.8770055047165295,-0.5,-0.0,-0.0,-0.7397700624177872,-0.3310342955948403,-0.9656459493783909
416,6.866454937357065e-07,5.850488967077337e-15,0.09226334858583098,-0.0010155456836458705,-0.8865566620043935,-0.5,-0.0,-0.0,-0.6620255632634545,-0.3344184758389338,-0.9746606791631338
417,5.780039763840995e-07,1.6981840064983888e-19,0.09177752549694046,-0.0011447239353494648,-0.8984776467072164,-0.5,-0.0,-0.0,-0.5880688356675389,-0.33779045590956547,-0.9823490739527994
418,4.862922291179833e-07,1.154072666964736e-24,0.09127030223320606,-0.0012816280798234186,-0.9127706319480865,-0.5,-0.0,-0.0,-0.519243578648859,-0.34115859353493516,-0.9886805324454683
419,4.094855631705714e-07,1.754190248109341e-30,0.09074126683026784,-0.0014269091140898479,-0.9290814299611664,-0.5,-0.0,-0.0,-0.4566507705124778,-0.34452942241164114,-0.9936295286184245
420,3.4493449925740476e-07,5.350315018753736e-37,0.09019002768909863,-0.0015806180808698572,-0.9470385833287395,-0.5,-0.0,-0.0,-0.40125707237973884,-0.3479079805357179,-0.9971756019053003
421,2.9016548781290525e-07,3.1075278654023516e-44,0.08961621538651783,-0.001743239388877936,-0.9666496489110372,-0.5,-0.0,-0.0,-0.3538623441169955,-0.35129755999997214,-0.9993030135983161
422,2.4396741744811567e-07,3.358161797622933e-52,0.0890194842978803,-0.001916021020000402,-0.9877715738947074,-0.5,-0.0,-0.0,-0.3151109427923679,-0.3546999360198134,-0.9999998391295399
423,2.052786354057457e-07,5.9598530796154734e-61,0.08839951453735624,-0.002099449746286844,-1.0099486165962765,-0.5,-0.0,-0.0,-0.285511858454667,-0.35811622376089997,-0.9992578678709324
424,1.725745305040676e-07,1.485302099567677e-70,0.08775601400719249,-0.002293196159807421,-1.0330728768443342,-0.5,-0.0,-0.0,-0.2653670843165031,-0.36154664409572257,-0.9970723436038759
425,1.4482600402544404e-07,4.700523091966378e-81,0.0870887200562457,-0.0024978313297551805,-1.0572120901756998,-0.5,-0.0,-0.0,-0.2547389295370805,-0.36498948019166116,-0.9934413832133089
426,1.2150671080256188e-07,1.5946438236195808e-92,0.0863974012590208,-0.0027142156338987884,-1.0819759641827968,-0.5,-0.0,-0.0,-0.35681246007596096,-0.3676066386499012,-0.9889727810501036
427,3.9087583308206165e-07,4.162287100354087e-105,0.08575523712510978,-0.003487813356219108,-0.8279560907272225,-0.5,-0.0,-0.0,-0.49714349315518613,-0.3697104892578351,-0.9838410389160611
428,7.396552416941215e-07,1.7642168228691947e-116,0.08528103513353524,-0.004115956144664355,-0.6422871705125748,-0.5,-0.0,-0.0,-0.771117423635015,-0.3705841977980397,-0.9789526921510009
429,9.473794018269741e-07,2.974328002372208e-135,0.0849306651359827,-0.004519859818506568,-0.5383459141454856,-0.5,-0.0,-0.0,-1.0,-0.37076786221720587,-0.9740674345044649
430,1.0664688777419421e-06,3.999695506969314e-160,0.08466931050967026,-0.004791988738944007,-0.47882194947256423,-0.5,-0.0,-0.0,-1.0,-0.3706136718945472,-0.9690921899059728
431,6.448982145967361e-07,9.422583381396477e-164,0.08444888163320813,-0.00522766190470754,-0.4426219540161185,-0.5,-0.0,-0.0,-0.9641316621877274,-0.37021044659778646,-0.9640082366989025
432,3.321803497943174e-07,7.949408214712422e-158,0.08421642433768886,-0.005742306473435309,-0.408323142285344,-0.5,-0.0,-0.0,-0.8654833317105688,-0.3699280559402218,-0.9580727935696272
