frame,x,y,z
0,1.0,0.0,0.0
1,0.9975458009914154,0.0003820602730610451,-0.010976658443147611
2,0.9948153041789093,0.0008583631564472346,-0.01914656240890084
3,0.9923359208869823,0.001075450632607911,-0.025817336007998307
4,0.9901799988434165,0.0008720463504774506,-0.03154113987415922
5,0.9881335767886806,0.0005987361192963964,-0.03601031219290553
6,0.9861545660998314,0.00030076985145688486,-0.039373426601777374
7,0.9842520343506411,-2.3304060167594007e-05,-0.04187023638635284
8,0.9824508330437453,-0.0003748019405334421,-0.043712015840387856
9,0.9807557370553804,-0.0007619126583849122,-0.04505119703910024
10,0.9791606724976318,-0.0011813961195878417,-0.04597963495211398
11,0.9776581938806687,-0.001626636600176252,-0.046563067366688804
12,0.9762394694389842,-0.0020892226711569594,-0.04684847306884752
13,0.9748947243199807,-0.0025598432857016342,-0.0468684860631429
14,0.9736132722453772,-0.003029645020230446,-0.04664550773546224
15,0.9723841681349369,-0.0034910075513569397,-0.04619512266066697
16,0.9711966525066513,-0.003937927814686696,-0.04552907429043952
17,0.9700406506380944,-0.004366179534556674,-0.04465764051416783
18,0.9689073293982772,-0.004773098069999323,-0.043591332648164186
19,0.9677896338293962,-0.0051576621287793036,-0.042340725682237096
20,0.966681839953935,-0.005520582226020318,-0.04092080166608527
21,0.9655784835413064,-0.005862891743914475,-0.03934934544711469
22,0.9644748193983737,-0.006185642899267827,-0.03764595372833472
23,0.9633669385915203,-0.00649009243233988,-0.035831338242825396
24,0.96225140376828,-0.006777406738504256,-0.033925887922627504
25,0.9611253907861964,-0.007048662510243055,-0.03194950796367523
26,0.9599863978988001,-0.007305491524564179,-0.029921187032551016
27,0.9588322254708632,-0.007549030184421739,-0.02785881584192874
28,0.9576612851666605,-0.007780019496660396,-0.02577819791121853
29,0.9564723585935841,-0.007999321968584116,-0.02369330576869218
30,0.9552645338593725,-0.00820775357756856,-0.02161681545880753
31,0.9540370331802328,-0.008406104608517127,-0.01956009455313798
32,0.9527891396602807,-0.00859502532427376,-0.01753335431956171
33,0.9515201745647398,-0.008775155685756464,-0.015545766683026782
34,0.9502293502524698,-0.008946918566820361,-0.013605155415341469
35,0.9489158735964165,-0.009110682372623014,-0.011718511942458841
36,0.9475788969100621,-0.009266719344815986,-0.009891788795559292
37,0.9462174902809496,-0.009415214955190812,-0.008130373122076887
38,0.9448306353308205,-0.009556207115386156,-0.006438239593959742
39,0.9434173768586046,-0.009689798032947693,-0.004818905189726455
40,0.9419766429976091,-0.009815922973253215,-0.003274952240654261
41,0.9405074689617356,-0.0099345193315824,-0.0018083647938971117
42,0.9390088734143035,-0.01004557030292482,-0.00042080978775642093
43,0.9374798461259647,-0.010148860317986024,0.0008869792971203534
44,0.9359194479820432,-0.010244269450337356,0.0021149189942100835
45,0.934326821151844,-0.010331697288395522,0.0032629287254540363
46,0.9327010879272839,-0.010410958146922012,0.004331666681702413
47,0.9310414764955661,-0.010481919539838484,0.005322049955754862
48,0.9293472721054291,-0.01054447223204307,0.006235134898075819
49,0.927617810393806,-0.010598423459306968,0.0070727485735794515
50,0.9258525237232891,-0.010643696532851105,0.007836606849410538
51,0.9240509560614791,-0.010680207519834109,0.008528369083029579
52,0.9222125536854974,-0.010707812872751184,0.00915035868310611
53,0.9203369692189135,-0.010726437820681905,0.009704694716884177
54,0.9184238649126841,-0.010736076883491767,0.010194044718341302
55,0.9164730557950048,-0.010736701056750498,0.010620714223374392
56,0.9144843711988849,-0.010728262672635946,0.010987244845449258
57,0.9124576834753134,-0.010710798616118247,0.011295990340239528
58,0.9103928994980272,-0.010684293370701581,0.011549904623003447
59,0.9082901834070316,-0.010648864219793133,0.011751312700917654
60,0.9061495479204518,-0.010604578632604583,0.011902771467012078
61,0.9039711576042356,-0.010551468624576418,0.012006818352334893
62,0.9017551528480338,-0.010489655995221952,0.012066056826599513
63,0.8995017621879174,-0.010419291109256771,0.012082755907882171
64,0.897211267802894,-0.010340527177881323,0.012059568866463071
65,0.8948840074765901,-0.010253518956449844,0.011998690568790535
66,0.8925203045492147,-0.010158450662248955,0.011902507204601712
67,0.8901205692289205,-0.010055511369828993,0.011773229269969814
68,0.8876852105565356,-0.009944908591798923,0.011612830011026372
69,0.885214674765067,-0.009826851093514317,0.011423734313519836
70,0.8827095048878381,-0.009701622942018725,0.011207686772536123
71,0.8801702111740733,-0.009569461624915149,0.010966632583446784
72,0.8775973294580066,-0.00943061233252457,0.010702439552980409
73,0.8749914206859889,-0.009285342924355561,0.010416728256342307
74,0.8723530706393308,-0.00913396253567204,0.010111391365738102
75,0.8696828780944004,-0.008976758408263017,0.009787872654000326
76,0.8669814649596688,-0.008814043345725714,0.009447815946809105
77,0.8642495041929337,-0.008646140524128626,0.009092599551787322
78,0.8614876511705043,-0.0084733831850416,0.008723508311956812
79,0.8586965608692311,-0.008296117617614038,0.00834203457781743
80,0.8558769344474191,-0.008114677172785098,0.007949349283978065
81,0.8530294701157728,-0.00792944979431251,0.007546729387621326
82,0.8501548921883901,-0.007740826268255671,0.00713518733090792
83,0.8472538431256482,-0.007549165968131565,0.00671602891775905
84,0.8443270456028082,-0.007354884467002732,0.006290555165399013
85,0.841375160688132,-0.007158446523853226,0.005859926416891011
86,0.8383988823374701,-0.006960325274670434,0.005425145418542293
87,0.8353986923374783,-0.0067609407931700245,0.004987587659986669
88,0.8323750836469028,-0.006560712982711087,0.0045496709543275645
89,0.8293288125535949,-0.006360414457520375,0.00411214551699491
90,0.8262601223847412,-0.0061605828584943845,0.0036769976599585062
91,0.8231692764981939,-0.005961683445171446,0.00324638527888265
92,0.8200563449433097,-0.005764419719422635,0.0028230923078106105
93,0.8169213213944662,-0.005569523084765366,0.0024097015214701078
94,0.8137639216919055,-0.005377735861179149,0.0020096573961645506
95,0.8105836453801708,-0.005189775814756757,0.0016261234717078778
96,0.8073796852455111,-0.0050063599498232315,0.0012636784470158738
97,0.804151158867511,-0.004828264012602187,0.0009261779872265638
98,0.8008967888484428,-0.00465615442901403,0.0006178126334360629
99,0.7976150171534093,-0.004490439399386468,0.0003430051161936454
100,0.7943041084804878,-0.0043313573417531805,0.00010619721547504811
101,0.790962239401518,-0.004179018400222764,-8.970986391258762e-05
102,0.7875873492853975,-0.004032944612461771,-0.00024022224312392725
103,0.7841777053480417,-0.0038925262175570708,-0.0003442834881742301
104,0.7807311967480948,-0.0037565403191436807,-0.00040010021768373434
105,0.7772457734525474,-0.003623065376770661,-0.0004066126972227021
106,0.7737195982288734,-0.0034900995304928298,-0.0003634275425916447
107,0.7701507869754414,-0.003355227795162443,-0.00027140598318291676
108,0.7665371670371511,-0.003215544675758588,-0.00013134767392355192
109,0.7628764844055927,-0.0030679671918351728,5.55995267983965e-05
110,0.7591663073181479,-0.0029094529135834284,0.0002871544777615113
111,0.7554038262465614,-0.0027368537935439467,0.0005607691601390097
112,0.7515860561989794,-0.002547069866959784,0.0008732963390218453
113,0.7477075164520479,-0.0023372624065738645,0.0012024762001108863
114,0.7437651382418409,-0.0021002208728334547,0.0016141553602995805
115,0.7397680952641663,-0.0018464966739819098,0.0020249506046253083
116,0.7357063302622477,-0.0015703124956318024,0.0024506390807191958
117,0.7315740656936534,-0.0012577241212292812,0.0028895676917557703
118,0.7273762937168672,-0.0009167373356928267,0.0033380982166399944
119,0.7231146196367153,-0.0005479807939681503,0.003791281781993206
120,0.718792771227841,-0.00015257801949109263,0.004241038892033401
121,0.7144142276188237,0.00026746179909908804,0.004682497771411088
122,0.7099837831424749,0.0007100243822356878,0.0051134636265810236
123,0.7055065932815587,0.0011717598470738359,0.0055215033935968
124,0.7009871215412543,0.0016509934535114405,0.005912426243794823
125,0.6964319685051374,0.0021441064688502713,0.006281226881460588
126,0.6918472283902989,0.002646597660575991,0.006626902852954323
127,0.6872378169491411,0.0031564121055496033,0.006948445645980602
128,0.682608711078814,0.0036708299133122136,0.007246319843015256
129,0.6779643434910725,0.004187312644949525,0.007521917134024126
130,0.6733087912380512,0.004703604137090571,0.007776983595251797
131,0.6686453621483937,0.005217639462846044,0.008012344497424124
132,0.6639769304655536,0.005727833996290897,0.008234439360526568
133,0.65930674189956,0.006232004313447246,0.008445139525548085
134,0.654636305123079,0.006728276467671143,0.00863629964032087
135,0.6499654434928271,0.007217805212999253,0.008823155501956736
136,0.6452964949729064,0.007698562757214859,0.009005942836404567
137,0.640630695045487,0.008167799473201655,0.009188199291795318
138,0.6359684288155834,0.008625928017402092,0.00937093255392072
139,0.6313102411039905,0.009072349591407692,0.009556796664877775
140,0.6266565046110284,0.009506611789709074,0.009748421821003248
141,0.6220077433901301,0.00992836491938342,0.009948043842205104
142,0.6173644625560875,0.01033735669310846,0.010157739946740539
143,0.6127271613025942,0.010733455424181465,0.010379570656159081
144,0.6080963754232299,0.011116654535615932,0.010614985728890521
145,0.6034726422844034,0.011487081839135483,0.010865865129755417
146,0.5988565333464295,0.011844842382069587,0.01113349032028658
147,0.5942485953823591,0.012190117948508316,0.011418955314321818
148,0.5896493787210026,0.012523221788479295,0.01172340879447184
149,0.5850594335452393,0.012844408884334085,0.012047449456443633
150,0.5804792492736058,0.013154051351762258,0.012391344434781031
151,0.575909202051085,0.013452555142853206,0.012755789330316531
152,0.5713496926236148,0.013740258944839108,0.013140684427533252
153,0.5668010381897661,0.01401755298979677,0.013546415819476534
154,0.5622635051411166,0.01428479797601132,0.013972635646555168
155,0.5577373483219258,0.014542365627667538,0.014419112541900318
156,0.5532226809451002,0.014790680364750031,0.014885369962176298
157,0.548719590622443,0.015030113432737236,0.015370889556847251
158,0.5442281319755005,0.015261008312324648,0.015875116402400052
159,0.539748280638852,0.015483719476936822,0.016397290009945123
160,0.5352799992325439,0.015698603718315583,0.016936659287477243
161,0.5308231788734092,0.015905969329168598,0.017492357113940163
162,0.5263776846275199,0.016106144015403716,0.018063474647658725
163,0.5219433805308203,0.016299450209146228,0.018649123829593824
164,0.5175200422387922,0.01648616039551226,0.019248311482780785
165,0.5131074760402903,0.016666580717469355,0.01986009016387847
166,0.5087054478693609,0.016840954767262762,0.02048345603111879
167,0.5043136752995316,0.017009549182994074,0.02111741358104418
168,0.4999319340129089,0.01717261592958653,0.021760918057925523
169,0.49555991963032464,0.017330415553956712,0.022413365642033955
170,0.49119744728176606,0.017483158395687946,0.02307349625548406
171,0.4868441952800101,0.017631047695774615,0.023740372220335555
172,0.4824998383913377,0.01777433293667637,0.024413034877468584
173,0.4781641349856389,0.01791323490102522,0.025090820777458472
174,0.47383681553494506,0.01804791332201018,0.025772702451478238
175,0.46951762244644535,0.01817858978761121,0.026457963051658945
176,0.46520626820887623,0.018305462562322506,0.027145788337361667
177,0.46090246902330323,0.01842868283703819,0.027835467392557232
178,0.45660601675979806,0.018548448557982346,0.028526314371838623
179,0.4523166404758032,0.018664909600853204,0.029217619393035556
180,0.44803412606921444,0.018778243947534905,0.029908827510541774
181,0.4437582429297545,0.01888861235167724,0.030599318878447645
182,0.4394887177987702,0.018996142637396112,0.03128829075086404
183,0.43522532962636573,0.019101059524067276,0.03197601965741731
184,0.4309679605240091,0.019203423592901052,0.032661643828284306
185,0.4267164933265013,0.019303325532403787,0.03334465650204714
186,0.4224706909490441,0.019400973006989876,0.0340244648186621
187,0.41823037864652357,0.01949648517561324,0.0347006579149109
188,0.4139954234526948,0.01959001043244917,0.03537292754209256
189,0.40976569584601963,0.01968164102630541,0.03604121867796798
190,0.4055411046515457,0.019771461159269456,0.036704285137091716
191,0.4013213910522948,0.019859687212268527,0.037362995339144216
192,0.39710647658332865,0.019946392152470873,0.03801689675910802
193,0.3928963463138482,0.020031553136591294,0.03866595847918245
194,0.38869087502951016,0.020115313426629915,0.039309720729776745
195,0.3844900104342679,0.020197781624836174,0.03994820324625014
196,0.3802936740293723,0.02027902291394014,0.040581282892251
197,0.3761017868100943,0.020359090350982968,0.04120848961037705
198,0.3719142912832938,0.020438121780916564,0.041830720354872626
199,0.3677312485417422,0.02051607981400412,0.04244699235422353
200,0.36355261118696536,0.020593014759789353,0.043057466694884916
201,0.3593783126916089,0.020669079775982604,0.04366235562357522
202,0.35520839884196276,0.02074421283157706,0.04426139789021754
203,0.35104289066335326,0.02081847290076071,0.04485470454769068
204,0.3468817722464561,0.020891896587834993,0.045442302661129516
205,0.3427251279335852,0.020964492061682962,0.0460244372795614
206,0.33857299274135555,0.021036218158407404,0.04660048488491514
207,0.3344253137107652,0.021107152066179444,0.04717130787772324
208,0.3302822102541144,0.02117727032431405,0.04773684433356767
209,0.32614379454657483,0.02124645089597236,0.04829723606658061
210,0.32201019130663877,0.021314719609591293,0.04885284963866995
211,0.3178815112476089,0.02138198598780198,0.04940254023044847
212,0.31375767552994294,0.02144831134620181,0.04994782476012791
213,0.30963888291403185,0.021513631568426565,0.050488523245799985
214,0.30552531587224196,0.02157772045941094,0.05102490867086881
215,0.3014171024779039,0.021640592718960842,0.051557177232806235
216,0.29731442212388937,0.021702122723966447,0.05208533156976695
217,0.2932174139809274,0.021762207543204015,0.05260963625046488
218,0.2891262567549516,0.021820768735709963,0.05313028772526575
219,0.2850411500485629,0.021877648260520636,0.05364758915016346
220,0.2809623213365816,0.021932730583719296,0.054161747980103175
221,0.27688996552184,0.021985845113498423,0.05467304640075944
222,0.27282429282906184,0.02203682648751575,0.055181746783749375
223,0.2687655651631805,0.022085514725951258,0.055688075651398126
224,0.2647140172721899,0.02213172312861981,0.05619256688354033
225,0.26066997904456346,0.022175251947472868,0.056695300063023986
226,0.25663370888652315,0.022215889820160466,0.05719646463961566
227,0.25260544394803164,0.022253505423184376,0.057696503768753085
228,0.24858543762663865,0.022288494871694427,0.05819565963152494
229,0.24457403393097765,0.022320679456942757,0.058694290748779514
230,0.24057161404816363,0.02234989058996808,0.05919269571836506
231,0.2365784947337437,0.022375876167432612,0.05969167292905852
232,0.23259513259980857,0.02239834531061244,0.0601912555772197
233,0.2286219525914981,0.02241705656009421,0.060691564425510686
234,0.22465930163855852,0.022431809269333726,0.061192914816457465
235,0.22070759413332064,0.022442341487176144,0.0616955837854425
236,0.2167672077381435,0.02244832761336099,0.06219978619017984
237,0.21283856649099908,0.02244948447120725,0.06270571956408355
238,0.20892214066076265,0.022445547749285363,0.06321351454537194
239,0.20501835380893674,0.022436211057141112,0.06372323873647728
240,0.2011276903692797,0.022421248598307963,0.06423491673115207
241,0.19725051533009297,0.022400929475630646,0.06474853637252702
242,0.19338736279153979,0.022375082540567855,0.06526399025796299
243,0.18953877002624864,0.022343447653935873,0.06578108311276423
244,0.18570522510520704,0.022305763246727048,0.06629993028115516
245,0.18188733284339142,0.02226176379191688,0.06681987291311184
246,0.17808559532582446,0.02221117995797993,0.06734055347556521
247,0.17430055292831348,0.02215380733832303,0.06786139788318964
248,0.17053276798692285,0.02208942898254256,0.06838188924021195
249,0.16678279446729194,0.02201780256974243,0.06890110875013435
250,0.16305122357686874,0.02193877758207958,0.06941834606128644
251,0.15933860072581973,0.02185214072399206,0.0699324338036163
252,0.15564550688114187,0.02175774751258133,0.07044228854566302
253,0.15197254817168837,0.02165549565676367,0.07094672161444078
254,0.14832030126014406,0.021545265268466857,0.07144424578141403
255,0.1446893778520888,0.0214270010842015,0.07193346713631993
256,0.14108029562116164,0.021300633346484486,0.07241273322359225
257,0.13749364268324382,0.021166140339743934,0.07288043040115412
258,0.1339299795126654,0.021023539145581006,0.07333487670525
259,0.13038982894753914,0.020872852939319116,0.07377427178563929
260,0.1268737408931151,0.020714159690036257,0.074196752011176
261,0.12338214594682084,0.020547536658035298,0.07460075829587194
262,0.11991556308011908,0.020373066484977147,0.07498420259053036
263,0.11647445041110482,0.020190911890019016,0.07534546744786962
264,0.11305919560356736,0.020001245249357886,0.07568274417049123
265,0.10967020372236336,0.01980424123203459,0.07599446338357102
266,0.10630776277298626,0.01960005880557137,0.07627894938058814
267,0.10297218996771274,0.019388916965991345,0.076534748109919
268,0.09966376073879091,0.019171049323542366,0.07676056457612297
269,0.09638269503040775,0.01894665543908653,0.0769550682256952
270,0.093129185639516,0.018715992670701426,0.07711705192932532
271,0.08990331595392131,0.018479282923484393,0.0772458850593757
272,0.08670529688331807,0.018236728448818504,0.07734024822243667
273,0.08353520094614031,0.017988573276125467,0.07739957875864842
274,0.08039307003206564,0.017735086455480394,0.07742312712414119
275,0.07727895208812308,0.01747648082286442,0.07741055238157109
276,0.07419279683462021,0.017212942834293372,0.077361421539596
277,0.07113458397119954,0.016944683462068483,0.07727553302497665
278,0.0681043106082384,0.01667189925914952,0.07715276907751657
279,0.06510190547716954,0.016394792438441993,0.07699311297060453
280,0.062127345614461205,0.016113529754892372,0.07679673719378184
281,0.05918053013106794,0.015828276126366794,0.07656376162413354
282,0.0562614076427006,0.015539188474561523,0.07629450419243246
283,0.05336993586810301,0.015246417534014504,0.075989350038542
284,0.05050607100437432,0.014950109722237894,0.07564879487098612
285,0.04766978467703564,0.014650405457787844,0.07527342288959471
286,0.044861030022050774,0.014347410664393169,0.07486378520941828
287,0.042079824127827514,0.014041248184808322,0.07442040537824199
288,0.03932620705537915,0.013732045710817053,0.07394432271977695
289,0.036600274402081245,0.01341990316923663,0.07343566356093424
290,0.033902003037448725,0.01310496607393429,0.07289585703030012
291,0.03123148619175653,0.012787322282376508,0.07232547874053367
292,0.028588829053324605,0.012467027845315034,0.07172551284770032
293,0.025974250970819623,0.012144237376392203,0.07109667341515187
294,0.023387902530856763,0.011819070627248912,0.07043992104926118
295,0.020830034207395265,0.011491653033058345,0.0697560553822989
296,0.01830078741504315,0.011162086321658526,0.06904600330144765
297,0.01580044374864842,0.01083048320426248,0.06831069005883986
298,0.013329296905614574,0.0104969767050603,0.0675508741214607
299,0.010887585717897275,0.01016170855436941,0.06676758372388376
300,0.008475642932371907,0.009824827857289293,0.06596171324975894
301,0.0060937073109810225,0.009486426479308132,0.06513407113343914
302,0.003742112698526534,0.00914667317521778,0.0642855147683663
303,0.0014211515422593024,0.008806211108637482,0.0634169056040724
304,-0.0008688804190009058,0.008465422259193079,0.06252908238727922
305,-0.0031276065731211666,0.008124529471142708,0.06162295496627127
306,-0.005354757379000041,0.007783691291551865,0.06069925325474756
307,-0.007550040391345103,0.007443084039470905,0.05975881603671822
308,-0.009710152209144285,0.007065387655428852,0.05880686353508277
309,-0.011837848979236343,0.006672007255433942,0.057834441058392784
310,-0.013934384671615563,0.006283276897249973,0.0568400206699663
311,-0.01600310642244196,0.0059551669088331125,0.05582073663729606
312,-0.01803774788837309,0.005627716672821266,0.05479439316858923
313,-0.020035784383880317,0.005264437376774985,0.05376568534414216
314,-0.022000860154042456,0.004904684831917233,0.052724193910901135
315,-0.023932533238959275,0.00454857448639008,0.05167105714004115
316,-0.025833300044514784,0.004233047609329019,0.05060331853695612
317,-0.027696838618432196,0.003882292301656672,0.04953631469383732
318,-0.02952723183618433,0.0035354462778123073,0.04845982340347901
319,-0.03132687640872356,0.0032292437036618073,0.047372387100083777
320,-0.0330895033077101,0.002888000939764729,0.046287840378211154
321,-0.034819162405735016,0.0025507648781868918,0.04519612838039182
322,-0.03651559427754103,0.002217588591889526,0.04409824429324337
323,-0.0381812851318073,0.0019253434187366488,0.04299134561043365
324,-0.039810593963225394,0.0015981603591832486,0.041890284945396844
325,-0.04140740854115332,0.0012749848346526485,0.04078526213318867
326,-0.04297418188075941,0.0009928270637911845,0.03967373526913322
327,-0.04450522519163935,0.0006754082097454447,0.038569625617137365
328,-0.04600449140469931,0.00036192047248519003,0.037463685513139125
329,-0.04747433607171181,8.968652627633806e-05,0.03635358886111541
330,-0.04891167881729053,-0.0001807120366115956,0.0352500477367553
331,-0.050314730059237034,-0.00048682797709179637,0.034156489344446865
332,-0.05168698804119498,-0.0007893496193421292,0.03306337063162358
333,-0.05303074447545986,-0.0010502965876722171,0.03196816382680502
334,-0.05434295144884427,-0.0013094537302658761,0.030881930290973875
335,-0.05562413203073446,-0.0015668522845775435,0.02980485770167623
336,-0.05687235376066613,-0.001861135151556945,0.02874089205145169
337,-0.05809318975019506,-0.0021134732484722,0.027676270648043285
338,-0.05928358731721306,-0.00236422850132968,0.026622607721241535
339,-0.06044378735355482,-0.0026134056591721896,0.025579935860445244
340,-0.06157419585908097,-0.0028610757183702333,0.02454891161616916
341,-0.06267498810992267,-0.0031073658240812663,0.023529527116586995
342,-0.06374632156596127,-0.0033522680411902026,0.022522185923936195
343,-0.06478835591124521,-0.0035958055010646864,0.02152731084180603
344,-0.0658012166759736,-0.0038380113561943775,0.020545413620640017
345,-0.06678506969079234,-0.0040789477905627085,0.019577005141902
346,-0.06774005340606326,-0.004318687803609133,0.018622740170553483
347,-0.0686661415174954,-0.004557294763691951,0.017682588461975245
348,-0.06956363665201848,-0.004794782585744462,0.016757774988705
349,-0.07043252167744041,-0.005031193535998834,0.015848782140748374
350,-0.07127299649271124,-0.005266591257842661,0.014956300210459173
351,-0.07208508525107193,-0.005501005796521546,0.014080568825270447
352,-0.07286880983533717,-0.005734442494066138,0.013222120128343954
353,-0.07362423275924601,-0.005966879819116173,0.012381450465062099
354,-0.07435138685842624,-0.006198310279399667,0.011558971959699828
355,-0.07505031384202177,-0.006428710102312621,0.010754980155634912
356,-0.07572105854383149,-0.006658056181872307,0.009969601134175575
357,-0.07636361907042977,-0.006886286589325356,0.00920316939880884
358,-0.07697799701951102,-0.0071133473948086275,0.008455889890745886
359,-0.07756416353236939,-0.007339160796397718,0.007727874838896389
360,-0.07812210990953661,-0.0075636568590393164,0.007019144015746697
361,-0.07865182233106172,-0.007786738249413444,0.006329553980948588
362,-0.07915326180514648,-0.008008335897758168,0.00565915235449818
363,-0.0796263625376954,-0.008228327547827746,0.005007809182428333
364,-0.08007106689251176,-0.008446609606438508,0.004375396073543076
365,-0.08048732827739458,-0.008663080549504628,0.0037616472693862216
366,-0.08087511026080496,-0.008877636462822634,0.00316621990054247
367,-0.0812343354920817,-0.009090165297647917,0.002588862033700883
368,-0.0815649539738379,-0.00930056516933655,0.0020292512206694854
369,-0.08186689773783584,-0.009508725517420026,0.001487021902971673
370,-0.08214013019322852,-0.00971453240828166,0.0009617266870160044
371,-0.08238465495812575,-0.009917916259294052,0.0004528419162740105
372,-0.08260043940531614,-0.010118762883579687,-4.000392919367539e-05
373,-0.08278748583662199,-0.010316979986689342,-0.0005172991768560321
374,-0.08294580096903625,-0.010512498312526581,-0.0009794987525910022
375,-0.08307545181237819,-0.01070523052241431,-0.0014271078602793533
376,-0.08317651429051054,-0.010895135849550252,-0.0018607218200546258
377,-0.08324906889138117,-0.011082130446807918,-0.0022807754447162418
378,-0.0832932313508652,-0.011266170294412887,-0.002687766462852419
379,-0.08330913573562349,-0.011447208712470501,-0.003082144180713023
380,-0.0832969463406974,-0.011625192215850975,-0.0034644433172657755
381,-0.08325688045430257,-0.01180013765461103,-0.003835211642779254
382,-0.08318912387512811,-0.011972004480907943,-0.004194891863490661
383,-0.08309393077753713,-0.012140759070482206,-0.00454394318646913
384,-0.08297154611893864,-0.012306398373499814,-0.004882825574947862
385,-0.08282226820607863,-0.012468918516406802,-0.0052119741645820115
386,-0.08264641480528945,-0.012628345930563584,-0.005531924449137467
387,-0.08244430079501108,-0.012784676032674028,-0.005843086263194516
388,-0.08221628508122558,-0.01293790377934885,-0.006145865963142951
389,-0.08196275296949618,-0.013088042031591168,-0.006440605858583245
390,-0.08168409495299,-0.013235101125257833,-0.006727665392792758
391,-0.08138068738923998,-0.013379128663533996,-0.007007445073281471
392,-0.08105282998224483,-0.013520137059156142,-0.007280281026060528
393,-0.08070074975657127,-0.013658124011343243,-0.007547142652491663
394,-0.08032496121159527,-0.013793086094129138,-0.007808193909672165
395,-0.07992589078469092,-0.01392501972549305,-0.008063822738481828
396,-0.07950408739700587,-0.014053981754129469,-0.008314268126465935
397,-0.07905994308663034,-0.014179961680547259,-0.008559896594313743
398,-0.07859389556278185,-0.014302955306746544,-0.008801063111956862
399,-0.078106374169987,-0.014422970031082038,-0.009038082168990323
400,-0.07759781136099897,-0.01453999107610909,-0.009271432874024982
401,-0.07706875457910867,-0.014654010183567072,-0.00950111678189713
402,-0.07651950197633606,-0.014765031153125146,-0.009727764876780476
403,-0.07595051950235154,-0.014873015775641698,-0.009951622058724179
404,-0.07536219501232311,-0.014977911031847244,-0.01017309491227482
405,-0.07475503278945883,-0.015079705653028004,-0.010392404592147998
406,-0.07412947925585911,-0.015178384277591567,-0.010609873929823163
407,-0.07348596766175963,-0.015273883388697725,-0.010825730464221802
408,-0.07282493409264412,-0.015366175566056746,-0.011040261284674304
409,-0.07214678819552178,-0.0154551987500627,-0.011253741357095233
410,-0.07145196595231695,-0.015540894884223458,-0.011466420482866746
411,-0.07074091125301796,-0.015623240297005639,-0.011678562417793628
412,-0.07001403920049709,-0.015702169559765118,-0.011890375024427014
413,-0.06927176912279687,-0.01577762901270175,-0.012102076878139627
414,-0.06851450055834851,-0.015849547594578794,-0.012313941657890565
415,-0.06774271507062446,-0.01591787886776323,-0.012525929428070072
416,-0.06695673239610422,-0.01598259532107262,-0.012738463173685224
417,-0.06615696745611666,-0.01604363088449908,-0.012951712017988934
418,-0.06534381029624292,-0.016100916668396418,-0.013165845607329054
419,-0.06451766098795231,-0.016154411414686,-0.013380982382616188
420,-0.06367893291664917,-0.016204088364252727,-0.013597272502179503
421,-0.06282799162139341,-0.01624992035146176,-0.013814866833945168
422,-0.06196518668806372,-0.016291865556474824,-0.014033944964174757
423,-0.061090861779767414,-0.016329902694398515,-0.014254695490314506
424,-0.06020540483233905,-0.016363992673332488,-0.014477243948672548
425,-0.05930920705424714,-0.01639413910172842,-0.014701665819117849
426,-0.05840265092895547,-0.0164203422241262,-0.014928096222726466
427,-0.05748608804083477,-0.01644260371927725,-0.01515659049888401
428,-0.05655986220744946,-0.0164609277137972,-0.01538727942267312
429,-0.05562429968385785,-0.016475317766688643,-0.015620271062700534
430,-0.05467975515682788,-0.016485801606805323,-0.01585570840807453
431,-0.05372655666913362,-0.01649243608470435,-0.016093710518283667
432,-0.05276503737702232,-0.016495235895958662,-0.016334381502027522
433,-0.05179551932438864,-0.016494243070323787,-0.016577830243334497
434,-0.05081831418471139,-0.016489506173826777,-0.016824195362023422
435,-0.04983376212125301,-0.016481085950970465,-0.017073588449018826
436,-0.048842184986956694,-0.01646905159496955,-0.017326134577062273
437,-0.04784390228031943,-0.016453463803407817,-0.01758194690857871
438,-0.04683923938002166,-0.016434394772355324,-0.017841160574416128
439,-0.04582848646958215,-0.016411907857117877,-0.018103854076853054
440,-0.04481199200278896,-0.016386092690363417,-0.01837017526629959
441,-0.043790105171297444,-0.016357047318900284,-0.018640192867098074
442,-0.04276314109298607,-0.016324851691272676,-0.01891402928614357
443,-0.04173142455742962,-0.016289588586536948,-0.01919178916325165
444,-0.04069524810291392,-0.016251333069283457,-0.019473584190090175
445,-0.03965496604070884,-0.016210193731866652,-0.019759450056292097
446,-0.03861085232068806,-0.01616628635096909,-0.020049711454488344
447,-0.037563350143086094,-0.01611968105218959,-0.02034419713308995
448,-0.03651274560773765,-0.016070468548639166,-0.020643057791304625
449,-0.03545937874336769,-0.016018737103063632,-0.020946303822103617
450,-0.03440357188272003,-0.015964600610452736,-0.021254045501185165
451,-0.03334566494678204,-0.015908153570702736,-0.021566287992990332
452,-0.03228595255826261,-0.015849482154155086,-0.021883199785953503
453,-0.03122480887713852,-0.015788666628871437,-0.022204719542726327
454,-0.030162544367361432,-0.015725800067942327,-0.022530904991912678
455,-0.02909950641485226,-0.015660964233472668,-0.02286173353609263
456,-0.028036004933157388,-0.015594266216552601,-0.02319722800151597
457,-0.026972366615278354,-0.015525779442970825,-0.023537387872773912
458,-0.02590890416735081,-0.015455576190109491,-0.023882205835738732
459,-0.024845935473821745,-0.01538374438761056,-0.02423165287051643
460,-0.023783770546148775,-0.015310351881421136,-0.024585611499235598
461,-0.02272265236694193,-0.015235489644076965,-0.024944335288742615
462,-0.021663006885586977,-0.015159220451210377,-0.02530747444568709
463,-0.020605088096509627,-0.015081603244872392,-0.02567503372133988
464,-0.01954923813990672,-0.015002723930924493,-0.026046876558643167
465,-0.01849570136947487,-0.014922641774396951,-0.026422980745591206
466,-0.017444772653254947,-0.014841428401196953,-0.026803243043186604
467,-0.016396714356257114,-0.014759138723877279,-0.027187587698691784
468,-0.015351813755439592,-0.014675826761636382,-0.02757589110239572
469,-0.014310330743955824,-0.014591550626008146,-0.02796806041332979
470,-0.013272520365471108,-0.014506376225951252,-0.02836370191388015
471,-0.012238391844472174,-0.01442038216441382,-0.0287634046750149
472,-0.011208381729721717,-0.014333587923128884,-0.029166847352844985
473,-0.010182819706917146,-0.014246004884243787,-0.029573703145939025
474,-0.009162074346822813,-0.014157717200026171,-0.029983507589717087
475,-0.008146314189666715,-0.014068794094612496,-0.03039620704747057
476,-0.007135692948551764,-0.013979284705035514,-0.03081173890408221
477,-0.006130370020489773,-0.013889211891318353,-0.03123004761732363
478,-0.0051305505744867475,-0.013798619976520765,-0.03165098280849721
479,-0.004136442986480526,-0.013707541053221993,-0.032074396426389706
480,-0.0031482525232477965,-0.01361601402396975,-0.03250034147055464
481,-0.0021663804164491207,-0.013524068032249746,-0.03292810787271216
482,-0.0011908993517604216,-0.013431754074355163,-0.03335769019982237
483,-0.00022200487152446158,-0.013339130293684973,-0.03378870479368414
484,0.0007404092925064054,-0.013246217448876477,-0.03422177229872443
485,0.0016959437484245221,-0.013153024947473746,-0.03465650846160217
486,0.0026442661953685054,-0.013059550549730214,-0.03509196783484165
487,0.003585460882836511,-0.012965913238477178,-0.03552858608059391
488,0.004519326359477938,-0.012872131157635653,-0.03596614298253653
489,0.005445867700202056,-0.01277817556424323,-0.03640471305331476
490,0.006364833551273041,-0.012684106914138975,-0.03684397630378208
491,0.0072760847202058,-0.012589959068977767,-0.03728377644572636
492,0.008179501677945344,-0.012495744111719057,-0.03772397093344211
493,0.009074957492627211,-0.012401497915013666,-0.03816440717012712
494,0.00996234050332001,-0.012307242726818423,-0.038604950695427916
495,0.010841557458272866,-0.012213000718418309,-0.03904549461155069
496,0.011712476932569826,-0.012118806282927743,-0.03948613029319868
497,0.01257479271276063,-0.01202464816349468,-0.0399258614765384
498,0.013428766212573384,-0.011930604769121847,-0.04036541280754685
499,0.014274161607730096,-0.011836691107070228,-0.04080445035179782
500,0.015111017486360567,-0.011742879260082441,-0.04124305661377187
501,0.015939125777011176,-0.011649226079977485,-0.0416809505457713
502,0.01675838629282811,-0.01155574975670019,-0.0421179716622852
503,0.017568742738748866,-0.011462463905757208,-0.04255404745182345
504,0.018370114503132973,-0.011369383711677878,-0.04298908335327706
505,0.01916244423593305,-0.01127653180224854,-0.043422974898661836
506,0.019945666647672278,-0.01118393583307685,-0.043855637182101066
507,0.020719714830182312,-0.011091602435113597,-0.044286971899424946
508,0.02148455276934702,-0.010999553021320886,-0.044716901370631584
509,0.02224013543148773,-0.010907801464649099,-0.045145427980431384
510,0.02298639384861667,-0.010816361957384177,-0.04557244644044288
511,0.02372325486073279,-0.010725244497773456,-0.045997823755211845
512,0.024450677286546263,-0.010634476013049668,-0.04642150746132739
513,0.025168642332471958,-0.010544066282995673,-0.04684344311862208
514,0.02587711122580527,-0.01045402287643216,-0.04726360303363012
515,0.02657605801414631,-0.010364370576833211,-0.047681942249907794
516,0.027265435100660262,-0.010275113187953776,-0.04809844498076615
517,0.027945166346872385,-0.010186266294737716,-0.04851298710604788
518,0.028615199913728295,-0.010097831318051151,-0.04892547916089472
519,0.029275486737903367,-0.010009816959096895,-0.04933577318343632
520,0.029926074380940415,-0.009922259208947088,-0.04974366752606929
521,0.03056719690616161,-0.009835187790381979,-0.05014995175883758
522,0.031198624701907707,-0.009748572005031868,-0.050554149522645954
523,0.03182042597234114,-0.009662399797898215,-0.05095636908842722
524,0.03243244509894705,-0.00957671648924629,-0.05135660149625988
525,0.033034523981963826,-0.009491504511547528,-0.051754143931003166
526,0.03362694098988961,-0.00940681884785968,-0.05214946537988121
527,0.034209706579954036,-0.009322690707817874,-0.05254263276919196
528,0.034782952367466424,-0.009239069334971789,-0.052934210843238357
529,0.03534637564785825,-0.009155936725541726,-0.05332350033867199
530,0.03590002787570723,-0.009073322083737049,-0.05371051822589629
531,0.036443838404344064,-0.008991283314599235,-0.0540951783972459
532,0.036977914858064787,-0.008909795764245903,-0.05447762774258261
533,0.037502261782030866,-0.008828855345818782,-0.05485786338377433
534,0.038016890451859964,-0.008748472691987074,-0.0552359081773122
535,0.03852180922201209,-0.008668663111866782,-0.05561174596109977
536,0.039017035568804426,-0.00858942098074963,-0.05598540138439918
537,0.03950258073836099,-0.00851075702550815,-0.05635686553173233
538,0.039978467470282775,-0.00843267289933344,-0.05672616381665891
539,0.040444713650700126,-0.008355170853590702,-0.057093311675891954
540,0.0409013565792149,-0.008278259408540323,-0.05745831890728975
541,0.04134844549431427,-0.008201954978413159,-0.0578212039579352
542,0.04178604891975268,-0.008126257747543598,-0.058182031561857084
543,0.04221425302461679,-0.008051169785661944,-0.0585414317177672
544,0.04263270745600445,-0.007976641816412744,-0.05889842708610966
545,0.04304157989056079,-0.007902704640406674,-0.05925323787184493
546,0.043440829117742275,-0.007829417291092534,-0.05960576784611411
547,0.04383062860825859,-0.007756736843979094,-0.05995626982212293
548,0.044211036191598385,-0.007684666519024226,-0.06030477453052343
549,0.044582124978961635,-0.007613216149076329,-0.06065127879196442
550,0.044944008680209646,-0.00754239752811261,-0.06099635405878484
551,0.04529644294440116,-0.007472164024877872,-0.061339318246568825
552,0.045639576732655396,-0.007402527891804852,-0.061680346812131644
553,0.045973365940492505,-0.007333536819408025,-0.06201933879572544
554,0.046297971756895095,-0.007265162211116908,-0.062356507692903136
555,0.04661344380394061,-0.007197410627035774,-0.06269189032292388
556,0.04691983971955205,-0.007130276365747883,-0.06302553212823976
557,0.04721722512238391,-0.007063766718960183,-0.06335751428143722
558,0.04750563349204029,-0.0069978784156771836,-0.0636879047176378
559,0.04778507386890585,-0.00693261163226429,-0.06401672972200097
560,0.04805555026777186,-0.006867954771942409,-0.06434394550563247
561,0.048317042862145554,-0.006803911964490061,-0.06466945127301636
562,0.0485695925323808,-0.006740479251427856,-0.06499322379263102
563,0.04881328038091726,-0.006677672401488108,-0.0653153242993302
564,0.049048194022733305,-0.006615475127569281,-0.06563591947372052
565,0.049274311400546944,-0.006553878380865242,-0.06595475722961823
566,0.049491794650473486,-0.0064928927420278264,-0.0662720473586652
567,0.04970070388481884,-0.006432536958107944,-0.06658799127846836
568,0.04990105219497287,-0.006372773236642394,-0.06690243507576486
569,0.05009295635739841,-0.0063135966930368236,-0.06721545419670369
570,0.05027735135297973,-0.006255400375604454,-0.06750614469172386
571,0.05047055831661873,-0.006199988683539438,-0.06785032578224978
572,0.050643299766551686,-0.006143087629000898,-0.06817457783634691
573,0.050809269451129735,-0.006084425749902929,-0.06849883608885049
574,0.05095744257426682,-0.0060289941856074315,-0.06880553420866517
575,0.05109751118469086,-0.005974156502930821,-0.06911033207094247
576,0.051229908975915284,-0.005919792856968693,-0.06941406956874682
577,0.051354319218648525,-0.005865960414547996,-0.06971629422762686
578,0.05147101510881269,-0.0058126464017168354,-0.07001721571430553
579,0.05158000040493116,-0.005759845754513288,-0.07031720751800749
580,0.05168117340670808,-0.005707551513016555,-0.07061595362125153
581,0.051774676747608495,-0.005655770445868398,-0.0709136288947821
582,0.0518604788759357,-0.005604533547667315,-0.0712101688284348
583,0.051938697614719365,-0.005553826590646697,-0.07150571743026667
584,0.05200940234932927,-0.005503633639868569,-0.07180035443068439
585,0.05207255965317803,-0.005453960238678869,-0.07209390006160712
586,0.05212824495552959,-0.005404815780785882,-0.07238626870168471
587,0.05217657009149057,-0.00535622505091241,-0.07267749945893551
588,0.052217756048538955,-0.005308184583789392,-0.07296798199722668
589,0.052251887316329015,-0.0052606707491429944,-0.07325779963770802
590,0.052278971408267205,-0.0052136728960934745,-0.07354688104673693
591,0.052299010650329936,-0.005167207303515386,-0.07383514630508854
592,0.052312046515418875,-0.005121276766350746,-0.07412253150748156
593,0.05231817503867031,-0.005075878566377776,-0.07440936260855749
594,0.05231731490010172,-0.005030985374759137,-0.0746949202608845
595,0.052309779917843024,-0.004986634051781345,-0.07497985241332228
596,0.05229548837640774,-0.0049428268190007925,-0.0752640566986656
597,0.05227451412585227,-0.0048995140273853975,-0.07554725415785891
598,0.05224705174011657,-0.004856732873988076,-0.07582981433107512
599,0.05221309516297057,-0.004814473969646845,-0.07611162849858796
600,0.052172788595659214,-0.004772717463206372,-0.07639252874013888
601,0.05212634654989301,-0.004731501606851191,-0.07667341262925835
602,0.052073455374375244,-0.004690770203811958,-0.07695331210782712
603,0.052014379490561535,-0.004650509655173716,-0.07723251611034465
604,0.05194906012520695,-0.004610783067198349,-0.07751080974614881
605,0.05187609409804039,-0.004570912885109865,-0.07782406986762179
606,0.051769425288670234,-0.004527926688771659,-0.07804436008484542
607,0.051677554841558004,-0.004488989637011107,-0.07829068845577655
608,0.05158108954790974,-0.004454984407944266,-0.07854756278819101
609,0.05149131866960066,-0.004416394179861643,-0.07882638600063162
610,0.05139609065156847,-0.0043777351080609055,-0.07910574524128651
611,0.05129219699825471,-0.004340465270694274,-0.07937994346478547
612,0.05118278909266982,-0.004303812493929298,-0.07965237368621157
613,0.0510687881113111,-0.004267864229479779,-0.07992802376732733
614,0.050948454235442586,-0.0042323531535878684,-0.08020176490975688
615,0.05082286987069251,-0.004197236719320734,-0.08047499558409114
616,0.05069134354925109,-0.004162852142388605,-0.08074640100872545
617,0.05055459848360133,-0.004129007614501505,-0.08101721307008718
618,0.05041268276500066,-0.004095654243167432,-0.08128726825210095
619,0.05026571162938187,-0.004062790108615286,-0.08155661521428034
620,0.05011372642883205,-0.004030419283820578,-0.08182518380572723
621,0.04995684077529239,-0.003998524425931013,-0.08209306951107041
622,0.04979511374999557,-0.003967100524157307,-0.08236024075114032
623,0.04962863948125029,-0.003936130182693907,-0.08262671358133027
624,0.049457514064843555,-0.0039056115686337467,-0.08289250551421516
625,0.04928179863417492,-0.0038755346486440438,-0.08315759800206436
626,0.049101587690134396,-0.003845894994193262,-0.08342202852567882
627,0.04891694102930133,-0.0038166972597753115,-0.0836857720876691
628,0.048727948368217366,-0.003787921277207075,-0.08394885402008104
629,0.048534705544376555,-0.0037595643841353862,-0.08421127881356627
630,0.04833728635658219,-0.0037316197815692965,-0.08447304865532086
631,0.04813576076302961,-0.0037040867301552176,-0.08473415917913305
632,0.047930196289157734,-0.003676964004341012,-0.08499459977154028
633,0.047720683467792346,-0.0036502449141553725,-0.08525438353750732
634,0.04750730791932711,-0.003623915296545424,-0.08551351293265397
635,0.04729014652058683,-0.0035979758632723575,-0.08577199930979494
636,0.0470692721627497,-0.003572425904480438,-0.08602982448439633
637,0.04684474300372066,-0.0035472582457215813,-0.08628698678142738
638,0.046616655736516965,-0.00352247059240837,-0.08654348568991992
639,0.046385092623950186,-0.0034980546179197982,-0.08679932267872943
640,0.04615012101016791,-0.0034740134152973124,-0.08705449449456526
641,0.045911812502910765,-0.0034503322934268895,-0.08730898797490402
642,0.04567023181839569,-0.003427024328565049,-0.08756279964913546
643,0.04542546283848081,-0.003404071736889708,-0.0878159294374575
644,0.04517759518973963,-0.0033814707448381084,-0.08806837948281275
645,0.04492669191407084,-0.003359219431849203,-0.08832014437579525
646,0.04467283057136762,-0.003337313467634941,-0.08857121243998786
647,0.04441606330368231,-0.00331575565271031,-0.08882157147368504
648,0.04415646717052235,-0.003294535512113121,-0.08907120904047236
649,0.043894130373597906,-0.0032736461511997245,-0.08932013083397716
650,0.043629117546892915,-0.0032530905667931703,-0.08956832885828714
651,0.043361499369037326,-0.0032328585771834767,-0.0898158037710999
652,0.04309133260534337,-0.0032129539253287318,-0.09006252698053674
653,0.042818711508774365,-0.0031933770429621315,-0.0903081593548995
654,0.04254394947177531,-0.0031741553662898337,-0.09055362542527645
655,0.04226686046337891,-0.003155238313992386,-0.0907986816507577
656,0.04198740117077637,-0.0031365691026939016,-0.09104277561681538
657,0.041705621860316455,-0.0031182200229957764,-0.09128584626636611
658,0.04142159954988456,-0.0031002086864128906,-0.09152772247096959
659,0.04113566720463746,-0.003082505309599398,-0.09176917874311902
660,0.040847696145038914,-0.003065081667431634,-0.09200981667601342
661,0.04055779402001647,-0.003047920297494594,-0.09224963402121009
662,0.04026593517999677,-0.0030310575215609743,-0.09248848451578862
663,0.039972246798621436,-0.003014475491432179,-0.09272643495725626
664,0.03967680732915713,-0.0029981693356908668,-0.09296350666692396
665,0.03937968775691958,-0.0029821301033888816,-0.09319969746379272
666,0.03908094735224277,-0.0029663537520783516,-0.09343500908176304
667,0.0387806389578258,-0.0029508457795000796,-0.0936694336197588
668,0.03847882562728577,-0.0029355957215784945,-0.09390294465137083
669,0.03817558890324613,-0.00292059364949416,-0.0941355582965269
670,0.037870964816972275,-0.002905840038508631,-0.09436724736270599
671,0.03756502056762412,-0.002891327735951125,-0.09459800342167539
672,0.0372578037852489,-0.0028770628318083007,-0.09482781251399836
673,0.036949372919498624,-0.002863035136433617,-0.09505666431764384
674,0.03663981589114329,-0.0028492469161756143,-0.09528426883400919
675,0.03632937144849513,-0.0028357182139685465,-0.09551139561450492
676,0.03601788009070628,-0.002822416962269737,-0.09573766545388876
677,0.03570541883758571,-0.002809307932117818,-0.09596306736580698
678,0.03539192159884752,-0.002796426409770373,-0.09618732052152844
679,0.03507748633552732,-0.002783763646415053,-0.09641045732334966
680,0.03476217082063182,-0.002771313688074714,-0.09663249237975687
681,0.034446038433797455,-0.002759069123984772,-0.0968534159776889
682,0.03412914619197527,-0.0027470278551503173,-0.097073242927378
683,0.03381155793050106,-0.0027351879129720803,-0.09729196319358456
684,0.03349332271931338,-0.002723533423340594,-0.097509575339921
685,0.033174503525797094,-0.0027120648899046254,-0.0977260858755451
686,0.03285514791119715,-0.00270077250878554,-0.09794149127097017
687,0.032535287911505506,-0.0026896650491344903,-0.09815577126497445
688,0.03221498770981357,-0.0026787273257344564,-0.09836894021929074
689,0.03189430659378667,-0.0026679539853437925,-0.09858097116284634
690,0.031573275071563156,-0.002657343618069627,-0.0987918562750499
691,0.03125193173923002,-0.002646894756320329,-0.09900158116381365
692,0.030930314118213564,-0.002636604387917476,-0.09921014184342303
693,0.0306084558762848,-0.0026264759148122833,-0.09941750262314014
694,0.03028644595169283,-0.0026164799219729846,-0.0996236989213733
695,0.029964288096986924,-0.0026066307058709415,-0.0998286952343943
696,0.02964202207985578,-0.002596916431930079,-0.10003248703100856
697,0.029319686249584254,-0.002587346813362635,-0.10023506240446052
698,0.028997316824681763,-0.002577915587583039,-0.10043639635674108
699,0.028674976178632572,-0.0025686033941724772,-0.10063649743442865
700,0.028352687980614077,-0.0025594131868671016,-0.10083535383791903
701,0.02803047691393523,-0.00255034777516171,-0.10103295505583745
702,0.027708382832821177,-0.002541401926340414,-0.10122929513667406
703,0.02738644156827108,-0.0025325688815524255,-0.10142435518716812
704,0.027064700164238564,-0.00252383626303005,-0.10161812886523025
705,0.026743175267127883,-0.002515211565241753,-0.10181061014994759
706,0.02642190293736868,-0.0025066840721684773,-0.10200180269452885
707,0.02610090080932226,-0.00249825655298921,-0.1021916664760882
708,0.025780211047891854,-0.0024899268044430854,-0.10238022466633308
709,0.025459887143692073,-0.002481674383347815,-0.10256744450820326
710,0.025139909969996155,-0.0024735067083748157,-0.10275333065273075
711,0.024820334212863338,-0.002465423113372112,-0.10293786535472177
712,0.024501201946046325,-0.0024574293655926123,-0.10312071117530282
713,0.02418277114006462,-0.002449547614785997,-0.10330273468227603
714,0.02386487581862251,-0.0024417371830868927,-0.10348358463081249
715,0.023547534814025717,-0.002433957505559889,-0.1036632658652681
716,0.023230647384903547,-0.002426257299595916,-0.10384149420096649
717,0.022914243981544735,-0.0024186264008021112,-0.10401825648503994
718,0.022598360986271437,-0.0024110619195432123,-0.10419354390616807
719,0.022283056780086574,-0.0024035428470750887,-0.1043673651817537
720,0.021968329313066914,-0.002396074686952736,-0.10453973225926093
721,0.02165421925710176,-0.002388648365901389,-0.10471062228509467
722,0.021340749470385667,-0.0023812654687235067,-0.10488005054513526
723,0.02102794947298825,-0.0023739125238661425,-0.10504801593275316
724,0.020715858906912854,-0.0023665822790416994,-0.10521450430882898
725,0.02040446712222599,-0.002359281582215391,-0.10537953949799679
726,0.020093820418271346,-0.002351998877609913,-0.10554311851016433
727,0.019783921241750324,-0.002344740451433385,-0.10570521943625485
728,0.01947480095800669,-0.0023374970986153225,-0.10586586496122112
729,0.019166498415163158,-0.0023302557999719713,-0.1060250468256728
730,0.018858991326233365,-0.002323026348436875,-0.10618275120007044
731,0.018552317255422057,-0.002315803736767962,-0.10633899313623557
732,0.01824648767114112,-0.002308585207607591,-0.10649376762453013
733,0.017941525587746976,-0.002301361799302506,-0.10664707303732783
734,0.01763745915357029,-0.002294134012907595,-0.10679890983556199
735,0.01733427240862817,-0.00228690317693951,-0.10694928100405234
736,0.01703199149683332,-0.0022796583570577787,-0.10709818202861748
737,0.01673061843369472,-0.0022724103672858943,-0.10724559345533369
738,0.016430181671622024,-0.0022651501698938846,-0.1073915421358845
739,0.016130710498396872,-0.0022578682578582748,-0.10753602616849482
740,0.01583216610135474,-0.002250570241383355,-0.10767902696194753
741,0.01553459623720288,-0.0022432528770646282,-0.10782056138716141
742,0.01523799717222607,-0.002235914016278581,-0.10796062260161042
743,0.014942374473751907,-0.0022285515992722677,-0.10809919955004617
744,0.014647752865368013,-0.002221157467985635,-0.10823629450683026
745,0.014354124013785552,-0.002213739715969612,-0.10837193805547352
746,0.014061510422516355,-0.0022062911131299507,-0.10850611462257569
747,0.013769901483145608,-0.002198816104871433,-0.10863881982236306
748,0.013479324340770815,-0.0021913028874604606,-0.10877006150519757
749,0.01318978763799683,-0.002183750407875664,-0.10889983693811572
750,0.012901263039222344,-0.0021761613936634185,-0.109028145957309
751,0.01261377569963984,-0.0021685339304725096,-0.10915499992666551
752,0.012327354696988091,-0.002160869467658348,-0.10928039524950292
753,0.012041962254268568,-0.0021531599408912724,-0.10940434330938117
754,0.01175764781851285,-0.0021453979060722644,-0.10952682823204098
755,0.011474356640096994,-0.0021375951259920947,-0.10964787656861955
756,0.011192149251540218,-0.0021297479667312944,-0.10976748997917003
757,0.010910996424758235,-0.002121855869241784,-0.10988565082584109
758,0.010630906409765939,-0.0021139148920578444,-0.11000238136135596
759,0.010351895125572996,-0.0021059195918975075,-0.11011768922114765
760,0.010073936774364634,-0.002097877915571587,-0.11023158022845093
761,0.009797042305835557,-0.0020897841055591802,-0.1103440512509535
762,0.009521244114049532,-0.0020816343585042443,-0.11045511944634057
763,0.009246485524101122,-0.002073437057243118,-0.11056478004331545
764,0.008972823998260937,-0.0020651786098091155,-0.11067303042603431
765,0.008700194980519993,-0.0020568733683769412,-0.11077989993465932
766,0.008428663807177106,-0.002048511824106031,-0.1108853922351306
767,0.00815819368755677,-0.0020400962700934788,-0.11098950415475362
768,0.007888782021191476,-0.0020316240662680567,-0.11109223949225462
769,0.007620457737555264,-0.0020230910302770078,-0.11119363038754636
770,0.007353182415613779,-0.0020145037815476638,-0.11129367073032835
771,0.007086963736397278,-0.0020058577291287975,-0.11139236106869436
772,0.00682182434232903,-0.001997160225020304,-0.11148971876658731
773,0.0065577301994005355,-0.001988405604723314,-0.11158577462334689
774,0.006294730782603786,-0.001979585471513434,-0.11168052804970839
775,0.0060327496276305625,-0.001970718337945702,-0.11177398788762535
776,0.005771820704765229,-0.001961795172204031,-0.11186617002212718
777,0.00551194896529561,-0.0019528190815413754,-0.11195706872963263
778,0.00525310740724283,-0.0019437883606050817,-0.11204671001635198
779,0.004995336947087647,-0.0019346969506735257,-0.11213510035178041
780,0.004738563188321665,-0.0019255527194428006,-0.11222224427158287
781,0.004482819575775232,-0.0019163592121637931,-0.11230816625284043
782,0.004228124927966981,-0.0019071159605645578,-0.11239287858266046
783,0.003974429006947888,-0.0018978158936750853,-0.11247638734779596
784,0.0037217878493279732,-0.0018884624887750532,-0.1125587217166854
785,0.003470118722812443,-0.001879058220588653,-0.11263987163059894
786,0.0032194640979809064,-0.001869611720668906,-0.11271986540026599
787,0.0029698195402567684,-0.0018601160939181818,-0.11279871002671009
788,0.002721159179335242,-0.0018505767342258176,-0.11287643482826785
789,0.002473513619028589,-0.0018409829410947953,-0.11295303298101221
790,0.0022268289777184203,-0.0018313467248595118,-0.11302854020292637
791,0.001981109990526031,-0.0018216672656377953,-0.11310294514418597
792,0.00173638177558455,-0.0018119442642874363,-0.11317627646470281
793,0.0014925940651312475,-0.0018021819655003525,-0.11324855660278219
794,0.001249788275952457,-0.0017923724194708111,-0.11331978763539687
795,0.0010079184982589862,-0.0017825269879636538,-0.1133900100104296
796,0.0007669733409549906,-0.0017726461698197448,-0.11345920893521565
797,0.0005269841912698414,-0.0017627277106208239,-0.11352740712443513
798,0.0002879048646609039,-0.0017527791893168366,-0.11359463070539422
799,4.9770903114310094e-05,-0.0017427925081644952,-0.11366088492428826
800,-0.00018748786973610265,-0.0017327770593584463,-0.11372618539985911
801,-0.00042383849469640467,-0.001722733415022087,-0.11379056552958375
802,-0.0006592804032563571,-0.0017126581751958972,-0.11385402407981073
803,-0.0008938467902996905,-0.001702556732464227,-0.11391658994654863
804,-0.0011275195672995064,-0.001692420314070704,-0.11397824685081348
805,-0.001360348499053421,-0.0016822633226591549,-0.11403905554389959
806,-0.0015923449089163544,-0.001672076444957719,-0.11409940658716622
807,-0.0018237365382700599,-0.0016618168980197811,-0.1141584244357186
808,-0.0020543898284617335,-0.0016515190940936868,-0.11421638448704455
809,-0.002284328490793852,-0.00164121715717117,-0.1142732458257892
810,-0.002513465562448136,-0.0016308765017701702,-0.11432927454975436
811,-0.0027418020927691966,-0.0016204948971237964,-0.11438448330243596
812,-0.0029693298080273323,-0.0016100706740049943,-0.11443890474559863
813,-0.003196082395659383,-0.0015996157934317359,-0.11449253638392874
814,-0.0034220390368426834,-0.0015891223464065778,-0.11454541866390125
815,-0.003647247660560682,-0.0015785993106307613,-0.11459756337750773
816,-0.0038717006080473126,-0.001568048705698817,-0.11464898532149588
817,-0.0040953924235409556,-0.0015574733799552914,-0.11469969778143276
818,-0.004318361611544974,-0.0015468692809664515,-0.11474972506842329
819,-0.0045405751247384885,-0.0015362379026825778,-0.1147990945025506
820,-0.004762102396727919,-0.0015255888496037374,-0.11484779349297168
821,-0.004982914410414985,-0.0015149143360022512,-0.11489585135746154
822,-0.005203014501973691,-0.001504220740468269,-0.11494328965403684
823,-0.005422445840439272,-0.001493511164956955,-0.11499011635606422
824,-0.0056411732006007576,-0.0014827843530742701,-0.11503635662781443
825,-0.0058592536153330155,-0.0014720445007522964,-0.11508201287304669
826,-0.006076678537371594,-0.0014612872886404513,-0.115127100643245
827,-0.00629344456373282,-0.0014505188900019936,-0.11517164196152245
828,-0.006509575069861384,-0.0014397372779729183,-0.11521566713588026
829,-0.006725057983808513,-0.0014289428201315812,-0.11525917132035836
830,-0.0069399391210678285,-0.001418139230405349,-0.11530217075976083
831,-0.00715420995639815,-0.0014073278697103583,-0.11534468688127979
832,-0.007367862757337473,-0.0013965093617114791,-0.1153867371085129
833,-0.007580937829017476,-0.0013856795358215752,-0.11542834178150115
834,-0.007793416058940128,-0.0013748417559522072,-0.11546949541469274
835,-0.008005335513811662,-0.0013640005851631358,-0.11551022416999905
836,-0.008216696999209905,-0.0013531538397885724,-0.11555053960287127
837,-0.008427495247007588,-0.0013422991635194297,-0.11559045333386578
838,-0.008637756563685928,-0.001331444690155293,-0.11562999029584427
839,-0.008847463398402144,-0.0013205849437123106,-0.11566917610814141
840,-0.009056656760653148,-0.0013097199782947562,-0.11570800881724419
841,-0.00926534121748035,-0.0012988505739910793,-0.11574649053058322
842,-0.009473502761755404,-0.001287977840990956,-0.11578466091073765
843,-0.009681174834622164,-0.0012771028905678716,-0.1158225131207563
844,-0.009888337868181996,-0.0012662287513263409,-0.11586008055433519
845,-0.010095034531708125,-0.0012553492889523668,-0.11589736314117577
846,-0.010301256276046944,-0.0012444698544729741,-0.11593437409509026
847,-0.010507004685269106,-0.0012335908887395948,-0.11597114292817853
848,-0.010712292593047179,-0.001222717344512916,-0.11600729631086405
849,-0.010916887299793565,-0.0012118785701867706,-0.1160437061125517
850,-0.011121019574279467,-0.001201048786626232,-0.11608008135367208
851,-0.011324644386913496,-0.001190190977630782,-0.11611647067607281
852,-0.011527879671510588,-0.0011793440745298427,-0.11615265561763584
853,-0.011730772947446733,-0.0011685065086867773,-0.11618860689475626
854,-0.011933284821681767,-0.001157671857194846,-0.1162243446357809
855,-0.012135444767964243,-0.001146840465469082,-0.11625990093027927
856,-0.01233725624208759,-0.0011360030477065098,-0.11629526721160983
857,-0.012538716424643548,-0.0011251633198379333,-0.11633044592150617
858,-0.012739843621619507,-0.001114316039663228,-0.11636545007090571
859,-0.012940614590810418,-0.0011034558915034582,-0.11640030708674598
860,-0.013141067422760111,-0.0010925878103315936,-0.11643501123569289
861,-0.013341192739284358,-0.0010817018215371966,-0.1164695842633924
862,-0.01354098217786337,-0.0010708029980375045,-0.11650403804006494
863,-0.01374047155098057,-0.0010598825784438638,-0.11653837944953514
864,-0.01393963715844615,-0.001048940946124987,-0.1165726147893308
865,-0.014138503818029058,-0.001037977342090524,-0.11660675270959966
866,-0.01433706830145387,-0.001026990146120777,-0.11664080242533405
867,-0.014535324025344742,-0.0010159771665585674,-0.11667478647327852
868,-0.014733280683626226,-0.00100494035224022,-0.11670872153802589
869,-0.014930931833826211,-0.000993872951238528,-0.11674261583559005
870,-0.015128304132703052,-0.0009827778983303556,-0.1167764762327758
871,-0.015325386382482487,-0.0009716521915737879,-0.1168103151879458
872,-0.015522170795753798,-0.0009604997729641921,-0.11684383201786684
873,-0.015718482507032894,-0.0009493501291201515,-0.11687769713930202
874,-0.015914461895594867,-0.0009381834613586702,-0.11691170346154324
875,-0.016110065941987273,-0.0009269670110029379,-0.11694596515699378
876,-0.016305400819234706,-0.000915727818958213,-0.11698027747569838
877,-0.01650043002367485,-0.0009044717136873237,-0.11701465614677967
878,-0.016695217196855294,-0.0008931892597915851,-0.11704910164972634
879,-0.01688970315685201,-0.0008818800560405295,-0.11708362781534624
880,-0.01708395310483679,-0.0008705446031807254,-0.117118225687218
881,-0.01727792224314384,-0.0008591833899738022,-0.11715290978913642
882,-0.017471626306747368,-0.0008477916062407721,-0.11718768992756012
883,-0.017665081462471477,-0.0008363629713879091,-0.11722255122343378
884,-0.017858270757254546,-0.0008248940987941418,-0.11725752137175385
885,-0.018051219489417125,-0.0008133939937151573,-0.11729259454110075
886,-0.018243930031591526,-0.000801853506143558,-0.11732776330740724
887,-0.018436358731540814,-0.0007902741597159937,-0.11736304805724952
888,-0.018628567966235243,-0.0007786540313507295,-0.1173984617048934
889,-0.01882051168839549,-0.0007669792811317209,-0.11743399578418147
890,-0.01901224543407709,-0.0007552550939614002,-0.11746965156827507
891,-0.019203715579390712,-0.0007434829071737448,-0.11750544670677522
892,-0.019394935334335228,-0.0007316582432114826,-0.11754139049718865
893,-0.019585916866053488,-0.000719780998011018,-0.1175774705767729
894,-0.019776657012817056,-0.0007078397610206082,-0.11761369928407764
895,-0.019967159161013326,-0.0006958455934485943,-0.11765008693060153
896,-0.020157437776837206,-0.0006837888688781174,-0.11768661606142951
897,-0.020347449174042076,-0.0006716640113141416,-0.11772330530833645
898,-0.020537243994839915,-0.0006594772066500299,-0.11776016443433253
899,-0.020726782709547642,-0.0006472178193428478,-0.11779718468101084
900,-0.020916101706822676,-0.0006348930977455654,-0.11783436632068359
901,-0.02110518410317841,-0.0006224905627831538,-0.11787171214291581
902,-0.021294008901514117,-0.0006100122789125661,-0.11790924216756125
903,-0.021482618808011944,-0.0005974603234816092,-0.1179469394668488
904,-0.021670963988039693,-0.0005848288137980184,-0.11798481654359205
905,-0.021859086439919517,-0.0005721125570885443,-0.11802287522546102
906,-0.02204696726725075,-0.0005593156262442714,-0.11806111287460933
907,-0.02223457374157678,-0.0005464287059773737,-0.11809953514489821
908,-0.022421948335520803,-0.0005334531471028028,-0.11813815592915879
909,-0.02260905757322873,-0.0005203897525431857,-0.11817696112047921
910,-0.022795932935438135,-0.0005072330206977193,-0.11821594392455122
911,-0.02298254902706187,-0.0004939788952751476,-0.11825514256608603
912,-0.023168888844786073,-0.0004806279887484845,-0.11829453073643634
913,-0.02335499730568369,-0.0004671727970218407,-0.1183340942527784
914,-0.02354080899909272,-0.0004536157068224129,-0.1183738554898195
915,-0.02372637693070412,-0.00043995441142153486,-0.11841381796421749
916,-0.023911665227024592,-0.00042619363246772945,-0.11845398240049207
917,-0.02409666759899487,-0.0004123208332419057,-0.11849433986923048
918,-0.024281404463869727,-0.0003983342489400982,-0.11853489617666427
919,-0.024465840186769006,-0.0003842371497306854,-0.11857564135235345
920,-0.024650013595485687,-0.0003700224321184825,-0.11861659306937948
921,-0.02483389812101211,-0.000355692245404689,-0.11865774082218583
922,-0.025017465919522808,-0.0003412381279589419,-0.11869909125710437
923,-0.025200764289565747,-0.00032666668861433204,-0.11874062238267875
924,-0.025383736661144463,-0.0003119664605581367,-0.11878234612582114
925,-0.025566414562739448,-0.00029713965472118913,-0.11882428371934287
926,-0.02574878416068893,-0.0002821860923658196,-0.11886640956358145
927,-0.025930820664826326,-0.0002671045301828448,-0.11890873853037692
928,-0.026112548282095638,-0.00025188614693613426,-0.11895126391505935
929,-0.026293930469243776,-0.00023653020051034795,-0.11899398332413819
930,-0.02647499681151566,-0.000221040972174403,-0.11903689504592092
931,-0.026655732891662787,-0.0002054174688114401,-0.1190799793075017
932,-0.026836105778873964,-0.00018965307501345413,-0.1191233305817454
933,-0.0270161692439439,-0.000173733529282589,-0.11916681200400621
934,-0.027195870100338082,-0.00015767303880195874,-0.11921046772645752
935,-0.02737524251521961,-0.00014146635934394225,-0.11925426654483315
936,-0.02755424603403034,-0.0001251067925864836,-0.11929825593319322
937,-0.02773286223503213,-0.00010859348807007574,-0.1193424229346326
938,-0.027911115388300933,-9.192379663419652e-05,-0.11938677329157292
939,-0.028088958907773742,-7.509915404259127e-05,-0.11943130938356356
940,-0.028266423265768115,-5.811857147436967e-05,-0.11947601947105838
941,-0.02844348905838512,-4.097849129338904e-05,-0.11952091054319137
942,-0.028620138853223676,-2.367914542873862e-05,-0.11956597361186572
943,-0.028796386013776987,-6.209503622865129e-06,-0.11961121456102736
944,-0.028972200029721895,1.1421312763179696e-05,-0.11965663519570531
945,-0.029147601972657755,2.9215600497969167e-05,-0.11970222337798558
946,-0.02932256738839789,4.7179095456794714e-05,-0.11974798519489135
947,-0.029497075827906283,6.531145999973576e-05,-0.11979390985560145
948,-0.02967114885626576,8.361384941703625e-05,-0.11984000363253533
949,-0.029844754549014363,0.00010208322063804855,-0.11988625497576862
950,-0.030017912263691438,0.00012072865929955091,-0.11993266532351818
951,-0.030190595660500197,0.00013955310744576523,-0.11997924175117389
952,-0.030362786631446648,0.00015855198628001439,-0.12002596865313025
953,-0.030534495624662705,0.0001777282767034541,-0.1200728606338491
954,-0.0307056970843671,0.0001970840526261953,-0.12011991293635058
955,-0.03087641092696569,0.00021661812501044218,-0.12016711045182134
956,-0.031046607181365315,0.00023633401550866024,-0.12021445729392179
957,-0.031216275827949946,0.00025623087885029547,-0.12026195650519798
958,-0.03138543685864015,0.000276309923026883,-0.12030957427983381
959,-0.03155403566042203,0.0002965763724320514,-0.12035736359709535
960,-0.03172210737931991,0.00031702729323602086,-0.12040527744323369
961,-0.03188962320451183,0.00033766614819418823,-0.12045333964710535
962,-0.03205656779466981,0.0003584932295850921,-0.12050152681184441
963,-0.03222295127771724,0.00037950910592752466,-0.12054986412056017
964,-0.03238874138290204,0.00040071297180433065,-0.12059833713401112
965,-0.03255395733918287,0.0004221122485121005,-0.12064693616435747
966,-0.03271857781555365,0.00044370021746791276,-0.12069565464817512
967,-0.03288257720100218,0.00046548946180537603,-0.12074451207504788
968,-0.033045986417824524,0.0004874691750973741,-0.12079349923720459
969,-0.03320877106121589,0.0005096400379041785,-0.1208426150840303
970,-0.03337095936742562,0.0005320198513613737,-0.1208918747152902
971,-0.03353257711621538,0.0005546041210239822,-0.12094122396672456
972,-0.03369360642907093,0.0005773925558706604,-0.12099029506556794
973,-0.033853885751760515,0.000600349847780549,-0.12103963694896744
974,-0.03401349892193073,0.0006235068215871358,-0.12108922497958564
975,-0.03417245190104801,0.0006469028011276938,-0.12113891418451539
976,-0.03433074799986491,0.0006704979920576266,-0.12118865223077101
977,-0.034488398455828406,0.0006942938868607642,-0.12123846880582037
978,-0.0346453999515266,0.000718301320199914,-0.12128804767044186
979,-0.03480156346124841,0.0007424899399541488,-0.12133791547637923
980,-0.03495700953254288,0.0007668798266724946,-0.12138791191429155
981,-0.03511167860082298,0.0007914942765319534,-0.12143811122234206
982,-0.0352655960338526,0.0008163072864892704,-0.12148839623193715
983,-0.03541879071338827,0.0008413284360169956,-0.12153874783736361
984,-0.03557123373634008,0.0008665510383904729,-0.12158915607381132
985,-0.035722924614646434,0.0008919813988140115,-0.1216396256087305
986,-0.035873852927208905,0.0009176233587492414,-0.12169016392560039
987,-0.036023998520244405,0.0009434681807766666,-0.12174074699647532
988,-0.036173364092639826,0.0009695220459890173,-0.12179138131251194
989,-0.03632192632556719,0.000995783547417719,-0.12184206621985492
990,-0.03646970352536649,0.0010222636348885534,-0.12189312062567668
991,-0.03661686195888514,0.0010489864965265408,-0.12194374819422595
992,-0.036763166029806005,0.001075913401738975,-0.12199428100003672
993,-0.036908677708962445,0.0011030169760322666,-0.12204472783612894
994,-0.03705324658964981,0.0011303450917628949,-0.12209530182555382
995,-0.0371968991929188,0.0011578917111585878,-0.12214601191618124
996,-0.037339651227131565,0.001185649639368405,-0.12219682817838158
997,-0.03748150871737321,0.0012136247999302817,-0.12224771140247295
998,-0.03762247656032769,0.001241812532436531,-0.1222986406439687
999,-0.037762547710868066,0.0012702131419158758,-0.12234958391093649
