frame,x,y
0,6.356748374700496e-05,-1.979544548501567e-06
1,0.0002789261614109423,-1.4007457997330162e-05
2,0.0006541976487331623,-3.593086663172001e-05
3,0.0011452301145185209,-5.439409163839358e-05
4,0.0017204492478839985,-5.8857388689688585e-05
5,0.002371981535595879,-4.288768522684975e-05
6,0.0030921938285373113,-1.0059573349625676e-06
7,0.0038701025254404904,7.099086612547029e-05
8,0.0046918798275718265,0.0001758111330423397
9,0.0055430562519142605,0.00031461504089738376
10,0.006409926213846691,0.000487206624334183
11,0.007280012134152664,0.0006922160035937993
12,0.008142405644043754,0.0009273128714167875
13,0.008987990187300643,0.0011894331233062766
14,0.009809543510080888,0.0014750044337340908
15,0.010601716382428987,0.0017801671973488092
16,0.011360912408801181,0.002100974679175332
17,0.012085088716464444,0.002433564249704791
18,0.012773525770954048,0.002774296451266793
19,0.013426561439189535,0.0031198532441818767
20,0.014045346421453,0.0034672929370327065
21,0.014631638761717577,0.003814058459472087
22,0.015187603222991968,0.004157974144837362
23,0.01571564951491247,0.004497228597405602
24,0.01621831528914357,0.004830343973809543
25,0.01669816413200687,0.005156148088715037
26,0.017157703756361914,0.005473742976289263
27,0.017599324005063564,0.0057824731769695725
28,0.018025255511540855,0.006081893430147782
29,0.018437545953685318,0.006371741553713225
30,0.018838046225615447,0.006651910259529784
31,0.01922840854937608,0.006922419732233713
32,0.019610092576766172,0.0071833917943109685
33,0.019984376191569682,0.0074350257805438046
34,0.020352371487887343,0.007677577002732372
35,0.02071503918492041,0.007911338605403398
36,0.021073202173679653,0.008136626128161841
37,0.021427568159011263,0.008353763782991274
38,0.021778737963505605,0.008563074895647083
39,0.022127216369166022,0.008764874086715483
40,0.022473427412848326,0.008959459606531715
41,0.02281771376815349,0.00914710988334806
42,0.02316035093914179,0.00932807830706973
43,0.023501555396445304,0.00950258974467146
44,0.023841482191561247,0.009670841305665636
45,0.024180233555111036,0.009833000453113715
46,0.02451786376670081,0.009989203279589819
47,0.0248543783106693,0.0101395558795109
48,0.025189736354072765,0.010284134645605455
49,0.025523853461022643,0.010422986238588493
50,0.025856597275711574,0.010556129439597849
51,0.02618779427399248,0.010683554700841468
52,0.02651723603378185,0.01080522492639682
53,0.026844672342184198,0.010921079185689249
54,0.027169810770497148,0.011031033662908382
55,0.027492317182922058,0.011134981376522673
56,0.0278118164946324,0.011232793626825666
57,0.02812790048720365,0.011324321408970607
58,0.028440117220600535,0.011409398382416218
59,0.02874796767125874,0.01148784191223984
60,0.029050917832271102,0.01155945125023041
61,0.029348397155264893,0.011624010802392129
62,0.029639799604268106,0.011681293103564434
63,0.029924481587194462,0.011731058596929432
64,0.030201762406123076,0.011773057496927223
65,0.0304709283816178,0.01180703089490673
66,0.030731233777384626,0.01183271172981551
67,0.030981900195371396,0.011849827141040797
68,0.03122212023571245,0.011858099165446738
69,0.03145105488976598,0.011857246515420642
70,0.031667833859222255,0.011846986414757331
71,0.03187156147549324,0.011827034645243081
72,0.03206131793220862,0.011797107090914322
73,0.03223616000166613,0.011756921902594907
74,0.03239512313539211,0.011706200740375271
75,0.03253722422124157,0.011644670238794704
76,0.03266146116639684,0.01157206357937588
77,0.03276681417822517,0.011488121362712971
78,0.03285225095146497,0.01139259250813879
79,0.032916728420895075,0.011285235631317312
80,0.032959195073901965,0.011165820300484155
81,0.032978592129930595,0.011034127873515303
82,0.03297386292197565,0.010889951013247265
83,0.03294395943617588,0.01073309362280493
84,0.03288784452348062,0.01056337210809491
85,0.03280449737089964,0.010380614719542929
86,0.03269292901481749,0.010184657356135923
87,0.032552213337450106,0.009975340702801075
88,0.03238146959354582,0.009752514086688523
89,0.03217987459821331,0.009516029956479967
90,0.03194671459258726,0.009265731449378022
91,0.03168140472440962,0.0090014520833073
92,0.03138350953343914,0.008723015720765776
93,0.031052772131143318,0.008430231065852412
94,0.030689150831085275,0.008122889647551815
95,0.030292860933633092,0.0078007683209956975
96,0.029864400034589195,0.007463641367370502
97,0.02940456771560411,0.007111299016045251
98,0.028914504436712344,0.006743568879543167
99,0.02839571587225908,0.006360351372367999
100,0.02785006264636301,0.00596166806001244
101,0.027279770481591865,0.005547706120732808
102,0.026687402337653834,0.005118866845851879
103,0.02607582340999929,0.004675805639026292
104,0.025448221371337214,0.004219447660755133
105,0.024808072751375882,0.003750999973534084
106,0.024159099629287726,0.0032719477516517594
107,0.023505265431485133,0.002784021002790134
108,0.022850775586966916,0.0022891491234128306
109,0.022200047979066606,0.0017894134509977785
110,0.021557689800975038,0.0012869911698456626
111,0.020928479492069624,0.0007840941100362267
112,0.020317243348838433,0.00028291004466525775
113,0.019729706275274282,-0.00021462546779468436
114,0.019170859066715142,-0.0007064631221489065
115,0.018644560258957017,-0.0011904549811497722
116,0.018155677773149248,-0.001664968601673683
117,0.017709013267910686,-0.0021286386512612498
118,0.017308687161719096,-0.0025801934783592985
119,0.016958279224645535,-0.003018573804982583
120,0.016660752166521065,-0.003442920498862733
121,0.016418498554524617,-0.0038525640367422357
122,0.016233194008915014,-0.004246992945364367
123,0.01610595243448454,-0.004625891014498936
124,0.016037392055844108,-0.004989132371322051
125,0.016027450695082112,-0.005336707443286336
126,0.016075551395497437,-0.005668740367289987
127,0.01618071494897573,-0.005985494090657969
128,0.016341612684533432,-0.006287340858347948
129,0.01655663247003797,-0.006574745166841431
130,0.01682392480399402,-0.006848243342493186
131,0.017141515129524984,-0.007108429057031137
132,0.017507300930271835,-0.007355916033082537
133,0.017918910248941024,-0.007591299919312274
134,0.01837406890067381,-0.007815216376440486
135,0.018870671942230955,-0.008028311528287112
136,0.01940648808862815,-0.008231144762094349
137,0.019979276813357944,-0.008424231562467474
138,0.02058684047658096,-0.008608068861034686
139,0.021227034244725402,-0.008783111443156605
140,0.021897766061395582,-0.00894977622706689
141,0.02259698836884348,-0.00910844642044117
142,0.02332270370505553,-0.009259474862303278
143,0.02407296273426383,-0.00940318790530477
144,0.02484586966992869,-0.00953989035579775
145,0.025639585044592433,-0.009669868826188912
146,0.02645231860265189,-0.009793393454440516
147,0.02728233441615506,-0.009910721613501622
148,0.028127948489789736,-0.010022100114677836
149,0.028987523674935133,-0.010127766062652845
150,0.0298594818554424,-0.010227950143807913
151,0.030742303530285446,-0.01032287662172496
152,0.03163452535736836,-0.010412762251930162
153,0.03253474282656468,-0.010497817502802343
154,0.03344160467578347,-0.010578246223256885
155,0.03435381607543799,-0.010654246359575079
156,0.03527013963767414,-0.010726010032016618
157,0.03618939486496022,-0.010793722812138586
158,0.03711045669983779,-0.010857563643514947
159,0.03803225414747803,-0.010917704447051837
160,0.038953769522641665,-0.010974310277605648
161,0.039874037008646654,-0.01102753907269874
162,0.04079214109252147,-0.011077541153852732
163,0.04170721573435753,-0.01112445963553208
164,0.042618442647049365,-0.011168430030322453
165,0.04352504867923281,-0.01120958002382593
166,0.04442630494482251,-0.01124802979954086
167,0.04532152441531493,-0.011283891583482206
168,0.04621006544611787,-0.011317270082831767
169,0.04709132307326028,-0.011348261660580805
170,0.04796472229126005,-0.011376954610696327
171,0.04882972580071376,-0.011403430804432716
172,0.04968583361340623,-0.011427764726019599
173,0.050532576641683855,-0.01145002253717704
174,0.051369513884622735,-0.011470263045094875
175,0.05219623493766428,-0.011488538792840397
176,0.053012358036553985,-0.011504895363117607
177,0.053817527959165744,-0.011519370827634195
178,0.054611413866216506,-0.011531996843395896
179,0.05539370921906765,-0.011542798895519372
180,0.056164130377039746,-0.011551796024214956
181,0.05692241416048465,-0.011559001182031771
182,0.05766833023378441,-0.011564422151897328
183,0.05840167095047658,-0.011568060031172993
184,0.05912223245260631,-0.01156990850356199
185,0.059829824889825155,-0.011569957405703078
186,0.06052427563670066,-0.011568192997648502
187,0.06120542925086544,-0.011564596668955703
188,0.06187314900839675,-0.011559145544101961
189,0.06252730138011194,-0.011551811644028244
190,0.0631677766280321,-0.01154256455640883
191,0.06379449792537302,-0.011531371117249651
192,0.06440739515683137,-0.011518191221305119
193,0.06500640778070747,-0.011502980823766017
194,0.06559148814373714,-0.011485693765312575
195,0.06616260337379906,-0.011466280653322539
196,0.06671972925872345,-0.011444689107597009
197,0.0672628649428421,-0.011420865035702858
198,0.06779201848181395,-0.011394750578470876
199,0.06830719534053296,-0.011366284382442913
200,0.06880842356421013,-0.011335405557667034
201,0.06929574181093759,-0.011302051096175438
202,0.06976919481953972,-0.01126615546281692
203,0.07022884232110249,-0.01122765247737463
204,0.07067475672233267,-0.011186474713500696
205,0.07110701239730272,-0.01114255323635212
206,0.07152570141752669,-0.01109581959335263
207,0.07193093934736466,-0.01104620506845683
208,0.07232284605989008,-0.010993638198528622
209,0.07270155088959408,-0.010938047581179552
210,0.07306717767614976,-0.010879362278420816
211,0.07341987142947286,-0.010817513802550334
212,0.0737598093508041,-0.010752434513367335
213,0.07408716911543013,-0.010684053817728868
214,0.07440213840015375,-0.010612302658419469
215,0.07470491325423921,-0.010537114332515486
216,0.07499569813524502,-0.01045842356677511
217,0.07527471109065816,-0.010376167766952552
218,0.07554218270173069,-0.010290286337871898
219,0.0757983549235709,-0.01020072095916904
220,0.07604348110654537,-0.010107416290295846
221,0.07627782675457515,-0.01001032013859813
222,0.07650166885833398,-0.009909384065475205
223,0.0767152996196135,-0.00980456332752272
224,0.07691902200079694,-0.009695817039472544
225,0.07711314457141435,-0.009583109487855509
226,0.07729799054103144,-0.009466411098018258
227,0.07747389887352787,-0.009345703276151602
228,0.07764121937836434,-0.009220974336937377
229,0.07780031362148788,-0.009092220360811839
230,0.07795156133227468,-0.00895944263182937
231,0.07809535173675104,-0.008822648169929581
232,0.0782320725494245,-0.008681852153227608
233,0.07836212108113584,-0.008537080872115991
234,0.07848590724233812,-0.008388371091369647
235,0.0786038482837832,-0.008235769591787923
236,0.07871636746451766,-0.008079334464639603
237,0.07882389175070528,-0.007919136612276497
238,0.07892684957489624,-0.007755260664334295
239,0.07902566899012803,-0.007587805530746037
240,0.07912077592208304,-0.007416888180332837
241,0.07921258957248366,-0.007242643209507796
242,0.07930151786588541,-0.007065223164906811
243,0.07938796116009576,-0.006884798549252169
244,0.07947230144301154,-0.0067015578711375826
245,0.07955489351233215,-0.006515709364261626
246,0.07963606872747929,-0.00632748317064029
247,0.07971613057255966,-0.006137130499188808
248,0.07979534714229115,-0.005944923802623938
249,0.07987394653809363,-0.005751158166219825
250,0.07995211140502678,-0.0055561511836382926
251,0.08002997222826118,-0.005360243579528467
252,0.0801076052857913,-0.005163799269470674
253,0.08018502558481991,-0.004967204325588762
254,0.08026218295616057,-0.004770866786352579
255,0.08033896020514887,-0.00457521615240281
256,0.08041516986771374,-0.004380702105051655
257,0.08049055303769137,-0.004187793078849897
258,0.0805647789682314,-0.0039969742672146865
259,0.08063744362116772,-0.0038087462183169396
260,0.08070807548883922,-0.003623622505210831
261,0.08077613371804675,-0.0034421267874752475
262,0.08084100885691099,-0.0032647913116316575
263,0.08090203364079855,-0.0030921547564289
264,0.0809584868081584,-0.0029247579961585233
265,0.08100959898432807,-0.0027631407327515524
266,0.08105455961145212,-0.002607839071373007
267,0.08109252579140473,-0.00245938214400239
268,0.08112262886080765,-0.0023182890175987205
269,0.08114398113167468,-0.0021850656489565685
270,0.08115569117549129,-0.0020602020260473714
271,0.08115686226222564,-0.0019441682843595169
272,0.08114659677052549,-0.0018374131282864266
273,0.08112401257737309,-0.001740363262692497
274,0.08108824751751176,-0.001653418888530558
275,0.08103846696662544,-0.001576950666928112
276,0.08097386910837302,-0.0015112994736943045
277,0.0808936886064009,-0.0014567749065762484
278,0.08079720103617662,-0.001413653727247535
279,0.08068372761366183,-0.0013821790913957387
280,0.08055263735096482,-0.0013625600206281154
281,0.08040334965495377,-0.0013549714463446873
282,0.08023533589017295,-0.0013595539017135147
283,0.080048120538702,-0.0013764134728275288
284,0.07984128238351572,-0.0014056220854772087
285,0.079614453714984,-0.0014472183479769727
286,0.07936731678205103,-0.0015012086596289504
287,0.07909960600474311,-0.0015675680338289007
288,0.07881109922527363,-0.001646241474809064
289,0.07850162440943789,-0.0017371450000275696
290,0.07817106315278426,-0.0018401660051215393
291,0.07781933736706288,-0.0019551639227261765
292,0.07744640653365509,-0.0020819735582298738
293,0.07705226433041384,-0.0022204073916991906
294,0.07663693690039575,-0.0023702560698932464
295,0.07620048146045524,-0.00253128995246625
296,0.07574298508435615,-0.0027032605657917683
297,0.07526455627182074,-0.0028859021472843953
298,0.07476532673365871,-0.003078933656919864
299,0.07424545003703824,-0.003282060246213619
300,0.07370509743070613,-0.0034949739844685685
301,0.07314445659649736,-0.0037173557161184084
302,0.07256372856399437,-0.003948878656433973
303,0.07196312726902047,-0.004189209236778106
304,0.07134287726788362,-0.004438007610634445
305,0.07070321262907646,-0.0046949278955467225
306,0.07004437893094725,-0.004959618951269456
307,0.06936680853278357,-0.00523126140600107
308,0.06867052593177145,-0.005510046085889482
309,0.06795596807899874,-0.0057950150277774806
310,0.06722309810318282,-0.006086487385805751
311,0.0664722439145912,-0.0063839736325266945
312,0.06570389622066426,-0.0066867657211995045
313,0.06491823420406526,-0.006994975589270396
314,0.06411571227051421,-0.007307951602819619
315,0.06329648844205464,-0.007625826936169939
316,0.062461316820310406,-0.00794729907307355
317,0.06161032354565403,-0.008272818565713453
318,0.060743906819628754,-0.008602200349846646
319,0.05986292201143609,-0.008934152330593798
320,0.05896757256425075,-0.009269140173112493
321,0.058058484264386784,-0.009606537349159228
322,0.05713599883228441,-0.009946516688410387
323,0.05620104784584429,-0.010287794897859266
324,0.05525394605142898,-0.010630878097817474
325,0.05429526639312662,-0.01097563837045602
326,0.05332602942230491,-0.011320805932720217
327,0.05234662837596601,-0.011666922520846789
328,0.051357721436614275,-0.01201388927904447
329,0.050360244808381326,-0.012360933155298978
330,0.04935505360441028,-0.012707618154202528
331,0.048342774196213065,-0.013054207374987076
332,0.047324142515992776,-0.01340065041920602
333,0.04630015281270559,-0.013746206353805005
334,0.04527155348939488,-0.014090974237874445
335,0.04423940435463016,-0.014434228369222486
336,0.04320423560692607,-0.014776805127457554
337,0.042167200228104586,-0.015117656261932257
338,0.04112907375512475,-0.01545693450534567
339,0.04009075685638371,-0.015794458281623056
340,0.03905315570666996,-0.016130059247203375
341,0.03801716328148722,-0.016463580027516977
342,0.03698366178096808,-0.01679487429116758
343,0.035953520844606394,-0.01712380618732997
344,0.03492759767603208,-0.017450249513663856
345,0.0339067367456114,-0.01777408720430071
346,0.032891757173338816,-0.018095210214188133
347,0.031883463774085456,-0.01841351798935152
348,0.030882651604332026,-0.01872891797765126
349,0.02989009562419701,-0.019041323546840558
350,0.028906548895651543,-0.019350654344622815
351,0.027932734521463234,-0.019656836434875927
352,0.02696934922555522,-0.019959801297378208
353,0.026017062267840573,-0.020259485546265468
354,0.025076512677424778,-0.02055583037018208
355,0.024148306925158878,-0.02084878093588227
356,0.02323301783958392,-0.02113828589771938
357,0.022331183573162654,-0.02142429665396531
358,0.021443304843172837,-0.02170676677884435
359,0.02056984286020449,-0.021985651658521756
360,0.019711217885034143,-0.022260908118258135
361,0.018867809171959564,-0.02253249348258482
362,0.018039953072657367,-0.022800365054855918
363,0.0172279414459756,-0.023064479634992002
364,0.016432022048452902,-0.02332479299780164
365,0.015652397498014257,-0.0235812594159899
366,0.014889225036134327,-0.023833831295419744
367,0.014142616962368222,-0.024082458685502555
368,0.013412640545283686,-0.024327088701175406
369,0.012699318398852204,-0.02456766540979966
370,0.012002630558442801,-0.024804129532522097
371,0.011322515882619582,-0.0250364182120308
372,0.010658873138919051,-0.025264464969519097
373,0.010011562636114364,-0.025488199343948626
374,0.009380409193797987,-0.025707546792281506
375,0.008765203971694389,-0.02592242897119119
376,0.00816570651458873,-0.026132763745622897
377,0.00758164781501597,-0.026338465340957306
378,0.007012732784613049,-0.02653944440906758
379,0.006458642435564707,-0.02673560828637803
380,0.005919036518662811,-0.02692686131455964
381,0.005393555542200509,-0.027113105116752922
382,0.004881823692228989,-0.027294238905225168
383,0.004383451619933159,-0.027470160148951855
384,0.003898038200309096,-0.027640764874892355
385,0.003425172901691366,-0.027805948209792167
386,0.002964437430861485,-0.027965604843867155
387,0.002515408753057355,-0.028119629358040923
388,0.002077662457598669,-0.028267917223117237
389,0.0016507741159229833,-0.02841036512479235
390,0.0012343185374631795,-0.02854687110601693
391,0.0008278667269387691,-0.02867733488435438
392,0.00043097615365164817,-0.02880165792688873
393,4.3201286106653006e-05,-0.028919745519929263
394,-0.000335893896576363,-0.029031507628165414
395,-0.0007067364214279916,-0.029136857451780143
396,-0.0010697449849114467,-0.029235712503154612
397,-0.0014253346419678967,-0.029327995307185446
398,-0.0017739150885020907,-0.029413633380701684
399,-0.0021158915630543167,-0.02949255976775568
400,-0.002451658443143352,-0.02956471385006037
401,-0.0027816050322914117,-0.02963004045712603
402,-0.0031061207206122326,-0.029688490326302285
403,-0.0034255889378914167,-0.029740021055980035
404,-0.003740385538171765,-0.029784596666995806
405,-0.004050876868984676,-0.029822188166476124
406,-0.0043574216851185845,-0.029852773414457863
407,-0.004660371288505471,-0.02987633713336199
408,-0.004960070522120473,-0.02989287099655039
409,-0.005256857378914642,-0.029902373716028254
410,-0.0055510622457328055,-0.029904851211978917
411,-0.005843007656182729,-0.029900316586679625
412,-0.006133008584212117,-0.029888790025932345
413,-0.006421373382454866,-0.029870298915387117
414,-0.006708399579874016,-0.02984487832453539
415,-0.006994378257234057,-0.02981257026017556
416,-0.007279597780998484,-0.02977342362214867
417,-0.007564338467138625,-0.02972749499811086
418,-0.0078488725759209,-0.02967484797440663
419,-0.008133463574897777,-0.02961555358347263
420,-0.008418367673499317,-0.029549690135585133
421,-0.008703836048832273,-0.029477342819335825
422,-0.008990115395611776,-0.029398604200918294
423,-0.009277445563703033,-0.029313574065651878
424,-0.00956605695854469,-0.029222359464776092
425,-0.009856171158003796,-0.029125074855919725
426,-0.010148001641761684,-0.029021842307424356
427,-0.010441754692219876,-0.028912790483270428
428,-0.01073763047629768,-0.028798054547478098
429,-0.011035822435868434,-0.028677776683370123
430,-0.011336517550669263,-0.028552105899117046
431,-0.01163989629873977,-0.02842119782262768
432,-0.011946132184089731,-0.028285213827793806
433,-0.01225539276420504,-0.028144321388123547
434,-0.012567838523581079,-0.027998693678601996
435,-0.012883622794964852,-0.027848509100975125
436,-0.013202892088186221,-0.02769395141506613
437,-0.013525785254846167,-0.02753520924226751
438,-0.013852433377291806,-0.027372475532252753
439,-0.014182959981360063,-0.027205947223508494
440,-0.014517480024954519,-0.0270358247668011
441,-0.01485609943459086,-0.02686231186669331
442,-0.015198915910717372,-0.026685615305571415
443,-0.015546018857723455,-0.02650594401509418
444,-0.015897488686308525,-0.026323508794813526
445,-0.016253400331876635,-0.02613852132420265
446,-0.01661381723301684,-0.025951194393998865
447,-0.016978789083751295,-0.025761741753574246
448,-0.01734835680093201,-0.025570377201478423
449,-0.017722551889261043,-0.025377314061778653
450,-0.018101397694760497,-0.025182764234253505
451,-0.018484909506684053,-0.02498693829894605
452,-0.018873092599588855,-0.0247900450872132
453,-0.019265941342470658,-0.024592291426775624
454,-0.019663440846370308,-0.02439388161008317
455,-0.020065567080441573,-0.02419501682867862
456,-0.020472287484617276,-0.02399589489391612
457,-0.020883560678657234,-0.023796709921699744
458,-0.021299336905063488,-0.023597652229647943
459,-0.021719557587563484,-0.0233989075617358
460,-0.02214416070490572,-0.023200657092431968
461,-0.022573074521693413,-0.02300307784576803
462,-0.023006214870640702,-0.022806341809495603
463,-0.023443491014707364,-0.022610615996212176
464,-0.023884805877187908,-0.022416062161198833
465,-0.024330057906109214,-0.022222836403253756
466,-0.024779140095645268,-0.022031089346234014
467,-0.025231939953766987,-0.021840966086965563
468,-0.02568833958856525,-0.021652605812490806
469,-0.02614821556935411,-0.021466141762415493
470,-0.026611453323237673,-0.021281700512340664
471,-0.027077940227260237,-0.02109940236728001
472,-0.02754754551710772,-0.02091936321278541
473,-0.028020123481008456,-0.020741694092690454
474,-0.028495522878354357,-0.02056650039103531
475,-0.028973596987684154,-0.020393881126267253
476,-0.029454203075483725,-0.02022392909361008
477,-0.029937199559084315,-0.02005673160628865
478,-0.03042244368820684,-0.019892370402197334
479,-0.030909792530711588,-0.01973092120010998
480,-0.03139909205813588,-0.01957245531306884
481,-0.031890181667140874,-0.019417039576964976
482,-0.0323829046600198,-0.01926473510967233
483,-0.03287711874487858,-0.01911559661480264
484,-0.0333726873250744,-0.01896967365371826
485,-0.03386945134686192,-0.018827013198898075
486,-0.03436725467797397,-0.018687656930754575
487,-0.03486595471935798,-0.018551641053797984
488,-0.03536541392060544,-0.018418997296900084
489,-0.03586549743874878,-0.018289752455535935
490,-0.03636606714928206,-0.018163929558634852
491,-0.03686698699372771,-0.01804154779887284
492,-0.03736812287030761,-0.017922622471012808
493,-0.03786934308989015,-0.017807164831976918
494,-0.03837051956298651,-0.017695182406359894
495,-0.03887152806584555,-0.017586679270971052
496,-0.0393722339387737,-0.017481657249635418
497,-0.03987251104589205,-0.01738011386878137
498,-0.040372250013359375,-0.01728204243049543
499,-0.04087134251838859,-0.017187433722238087
500,-0.04136968298914989,-0.01709627558736903
501,-0.04186716243766678,-0.017008553722086442
502,-0.042363674510616636,-0.016924250962354524
503,-0.04285911685570233,-0.01684334751318288
504,-0.04335339024423214,-0.016765820992601446
505,-0.04384639914300181,-0.01669164675102746
506,-0.04433805095096412,-0.01662079826021711
507,-0.044828256682044335,-0.01655324678997256
508,-0.0453169322566624,-0.016488961324871352
509,-0.04580399661356833,-0.01642790913904393
510,-0.04628936933530726,-0.016370056171892525
511,-0.04677297212213822,-0.016315366515716686
512,-0.047254731261953904,-0.016263802427802433
513,-0.04773457715535486,-0.01621532480128797
514,-0.04821244376653412,-0.016169893191078283
515,-0.04868826818811545,-0.016127465920822755
516,-0.04916198761264437,-0.01608800010257726
517,-0.04963353851994028,-0.01605145206550965
518,-0.05010285779333252,-0.016017777522599044
519,-0.05056988539295687,-0.01598693108712473
520,-0.05103458121850372,-0.015958864958786213
521,-0.05149691205865018,-0.01593353045991219
522,-0.05195683881399661,-0.01591087913065712
523,-0.05241432385555604,-0.01589086161932482
524,-0.05286931704337713,-0.01587342933806894
525,-0.05332177475963676,-0.015858532578134476
526,-0.05377167274193014,-0.015846119398446896
527,-0.05421899879428424,-0.015836137386494514
528,-0.05466373436877035,-0.01582853480552315
529,-0.055105848680629954,-0.015823260523323043
530,-0.05554531338261043,-0.015820262762457463
531,-0.0559821045103364,-0.01581948919670516
532,-0.056416204459444876,-0.015820887471274178
533,-0.05684759786287292,-0.015824405291405847
534,-0.057276271556089435,-0.015829990020632047
535,-0.05770221448587535,-0.01583758897561549
536,-0.058125417585525356,-0.015847149637562376
537,-0.05854587377923279,-0.015858619533478318
538,-0.05896357832982527,-0.0158719463153911
539,-0.05937852898270243,-0.01588707753482985
540,-0.059790727063316416,-0.015903960692883506
541,-0.06020017869895311,-0.015922543378600027
542,-0.06060690020148851,-0.01594277288329997
543,-0.06101089422573994,-0.01596459834374907
544,-0.06141214961659036,-0.015987970228662936
545,-0.06181066175422026,-0.016012838481278574
546,-0.06220643155225441,-0.016039153093245617
547,-0.06259946879221381,-0.01606686416603599
548,-0.0629897870382215,-0.01609592193966285
549,-0.06337740927649363,-0.01612627620856933
550,-0.06376235051401014,-0.016157878338510828
551,-0.06414461560330481,-0.016190681053447745
552,-0.06452421312161535,-0.01622463687220094
553,-0.06490115513431352,-0.016259698696930166
554,-0.06527546053534396,-0.016295819809149924
555,-0.06564715034232227,-0.016332953892483307
556,-0.0660162483109858,-0.01637105483845351
557,-0.06638278000707111,-0.01641007695042009
558,-0.06674677008114552,-0.01644997546697128
559,-0.06710824018655016,-0.016490706834339713
560,-0.06746720712589116,-0.01653222851648947
561,-0.06782368456538847,-0.01657449860998803
562,-0.06817768777343458,-0.016617475580614233
563,-0.06852923544734973,-0.016661118214424793
564,-0.06887834453988488,-0.016705386424163127
565,-0.06922503439134964,-0.01675024065112785
566,-0.06956933195322491,-0.016795641193900198
567,-0.06991126279328651,-0.016841549135014757
568,-0.07025085136602932,-0.01688792642159966
569,-0.07058802351142547,-0.01693473550613622
570,-0.07092375110872008,-0.016981847795727815
571,-0.07125850907444806,-0.017029210623388406
572,-0.07159168915785695,-0.017076867712362945
573,-0.07192289295507827,-0.017124803295271187
574,-0.07225171304061496,-0.017172998466946802
575,-0.0725781922577503,-0.017221418301336666
576,-0.07290237611005258,-0.017270029311593823
577,-0.07322429977874872,-0.01731880094708263
578,-0.07354400682880348,-0.01736770201266162
579,-0.07386153203251236,-0.017416702426888496
580,-0.07417690575225744,-0.01746577342226519
581,-0.07449015948081542,-0.01751488634329217
582,-0.07480132330724322,-0.017564013118898575
583,-0.07511042853274454,-0.017613126578373446
584,-0.07541750153389774,-0.017662200853966668
585,-0.07572256370965329,-0.017711211253655063
586,-0.07602563916764594,-0.01776013294284486
587,-0.0763267624988178,-0.017808940738585917
588,-0.07662597553082091,-0.017857610014416086
589,-0.07692331690843994,-0.017906117412022374
590,-0.07721881939432541,-0.017954440722599368
591,-0.07751251172859369,-0.01800255850418392
592,-0.07780442384272782,-0.01805044981056952
593,-0.07809457581045208,-0.018098095005672526
594,-0.07838298992592381,-0.018145474614718538
595,-0.07866969686072156,-0.01819256932282937
596,-0.0789547183548662,-0.018239361675176466
597,-0.07923808055505434,-0.018285834201036476
598,-0.07951981183758218,-0.018331969651593442
599,-0.07979993719368306,-0.018377752031146152
600,-0.08007849469492595,-0.018423164871715865
601,-0.08035551289851671,-0.018468193311692097
602,-0.0806310061030003,-0.018512824381366595
603,-0.08090499021587232,-0.018557045039706625
604,-0.08117765292532456,-0.01860084359054476
605,-0.0814474693168933,-0.01864435982638974
606,-0.08171373046040312,-0.018687606183468205
607,-0.08197774101585713,-0.01873041153946576
608,-0.08224029254274713,-0.01877273358869831
609,-0.08250194532305805,-0.018814566478441618
610,-0.08276257981815661,-0.018855909658067712
611,-0.08302206717142235,-0.018896758632066666
612,-0.08328047823594317,-0.0189370963249986
613,-0.08353784292905973,-0.018976913861589256
614,-0.08379412614856308,-0.01901621048364196
615,-0.08404930936056502,-0.01905498112972154
616,-0.08430337270050277,-0.01909322060082624
617,-0.08455632338884694,-0.01913092397935884
618,-0.08480816618970548,-0.019168087362981916
619,-0.08505890553364506,-0.019204707234986153
620,-0.08530854629571635,-0.019240780344740846
621,-0.08555709449908605,-0.019276304065916752
622,-0.08580455542960926,-0.01931127657549512
623,-0.08605093424089408,-0.019345696483996463
624,-0.08629623568478649,-0.01937956285162197
625,-0.08654046491712439,-0.019412875515763057
626,-0.08678362747359988,-0.01944563437950347
627,-0.08702572830831454,-0.01947784013204076
628,-0.08726677209898986,-0.01950949404113954
629,-0.08750676375234476,-0.01954059748724833
630,-0.08774570799731632,-0.019571152564021286
631,-0.08798360917123983,-0.019601161794489192
632,-0.08822047149009452,-0.019630628197215033
633,-0.08845629857928419,-0.019659555113140638
634,-0.08869109440266403,-0.01968794654009913
635,-0.08892486298915758,-0.019715806903240773
636,-0.08915760768346771,-0.019743140885415397
637,-0.0893893319341487,-0.019769953673098133
638,-0.08962003893881516,-0.019796250721179912
639,-0.08984973152713055,-0.019822037867221552
640,-0.09007841229560093,-0.019847321542322896
641,-0.0903060836227427,-0.01987210823069528
642,-0.0905327475691129,-0.01989640467877993
643,-0.09075840606383735,-0.019920218320182082
644,-0.09098306126234873,-0.019943556818122102
645,-0.09120671514981318,-0.019966428159421627
646,-0.09142936934128972,-0.01998884061126075
647,-0.09165102456559943,-0.02001080270598868
648,-0.09187168130961768,-0.020032323223568006
649,-0.09209134056413634,-0.020053411061145613
650,-0.09231000310886038,-0.020074075760633383
651,-0.09252766941794152,-0.020094326981606448
652,-0.09274433802974699,-0.020114174223314157
653,-0.09296002085611212,-0.02013362619724171
654,-0.09317473406066337,-0.020152691961406146
655,-0.093388472880501,-0.02017138312373238
656,-0.09360122404608871,-0.02018971164395601
657,-0.09381297424775704,-0.020207688619046555
658,-0.09402372420475416,-0.02022532442964649
659,-0.09423347965987663,-0.020242629930964408
660,-0.09444223706814635,-0.020259616929512485
661,-0.09464999072441549,-0.020276297235444916
662,-0.0948567340106449,-0.020292682648428362
663,-0.09506246306142613,-0.020308784842292045
664,-0.09526717492184689,-0.02032461576403978
665,-0.09547086722600596,-0.020340187533369965
666,-0.09567353746324761,-0.020355512109090965
667,-0.09587518267226236,-0.02037060155280193
668,-0.0960758000924334,-0.020385468192270908
669,-0.09627538681937695,-0.020400124308468524
670,-0.09647393968034282,-0.02041458233154295
671,-0.09667145568330851,-0.02042885479073106
672,-0.09686793114256395,-0.020442954110121838
673,-0.09706336120934467,-0.020456892714489357
674,-0.09725775264673482,-0.020470681818181145
675,-0.09745111400199657,-0.02048433298463809
676,-0.09764344307815395,-0.020497859061049766
677,-0.09783473207903337,-0.020511272966877943
678,-0.09802496903664017,-0.020524587821922673
679,-0.0982141443405327,-0.02053781650898043
680,-0.09840224941578361,-0.020550971775202462
681,-0.09858927696416618,-0.020564066398244076
682,-0.09877522057270645,-0.02057711300611625
683,-0.09896007374767174,-0.02059012408223083
684,-0.09914383066892354,-0.020603111959120665
685,-0.09932648650467739,-0.020616089013077973
686,-0.0995080360191448,-0.020629067483743272
687,-0.09968847420125046,-0.02064205961775308
688,-0.09986779602268607,-0.02065507773036569
689,-0.10004599621867952,-0.02066813383767441
690,-0.1002230697097606,-0.020681240034308105
691,-0.10039901137908601,-0.020694408296536754
692,-0.10057381548104065,-0.020707650403876173
693,-0.10074747656481348,-0.0207209780543738
694,-0.10091998979356553,-0.020734402851498763
695,-0.10109134985242778,-0.02074793629029877
696,-0.10126155163605562,-0.020761589748061637
697,-0.10143058962561831,-0.020775374281898542
698,-0.10159845799034804,-0.020789300924111305
699,-0.10176515169538677,-0.020803380809310122
700,-0.10193066567887989,-0.020817624811821644
701,-0.1020949948832124,-0.020832043573043763
702,-0.1022581343948019,-0.02084664761495405
703,-0.10242007859505137,-0.020861447408823917
704,-0.10258082176879142,-0.020876453349527764
705,-0.1027403588219961,-0.020891675467027866
706,-0.10289868442393559,-0.020907123590798507
707,-0.10305579326379179,-0.0209228074896808
708,-0.10321168029512442,-0.020938736893190053
709,-0.10336634026302355,-0.020954921551313194
710,-0.10351976810523907,-0.020971370735088216
711,-0.10367195751328813,-0.020988093321482264
712,-0.10382291547916998,-0.0210050967823762
713,-0.10397265302726788,-0.021022388633488633
714,-0.10412117059573743,-0.021039977809839128
715,-0.10426846279644474,-0.02105787295108512
716,-0.10441451821854453,-0.021076082563496943
717,-0.1045593261350997,-0.021094615115411452
718,-0.10470287693337395,-0.021113478693853036
719,-0.10484516279573063,-0.0211326812194971
720,-0.10498617643027133,-0.021152230477123175
721,-0.10512591072191053,-0.02117213407211726
722,-0.10526435934708364,-0.021192399516499403
723,-0.10540151627773543,-0.021213033954799766
724,-0.10553737617924416,-0.021234044318764713
725,-0.10567193461322355,-0.02125543728457476
726,-0.10580518709283847,-0.02127721911586376
727,-0.10593712936763347,-0.021299396021721945
728,-0.1060677580232771,-0.02132197405497125
729,-0.10619706988072919,-0.02134495903397616
730,-0.10632506192553648,-0.021368356583299327
731,-0.10645173136728225,-0.02139217197032118
732,-0.10657707587755125,-0.021416410373031557
733,-0.10670109359286017,-0.02144107675004368
734,-0.10682378291768754,-0.02146617579822865
735,-0.10694514249300016,-0.021491712269899488
736,-0.10706517057237197,-0.021517690342236172
737,-0.10718386587390039,-0.02154411392500281
738,-0.10730122816139769,-0.021570986853942847
739,-0.10741725689797121,-0.021598312764022794
740,-0.10753195189707994,-0.021626095224728994
741,-0.10764531337223664,-0.02165433757391716
742,-0.10775734105630297,-0.02168304298907173
743,-0.10786803482483824,-0.021712214322401027
744,-0.10797739553717794,-0.021741854095500144
745,-0.10808542487868662,-0.02177196472483445
746,-0.10819212396971514,-0.021802548368720004
747,-0.10829749420376976,-0.02183360707902158
748,-0.10840153742145418,-0.02186514286094669
749,-0.10850425510837505,-0.021897157263376873
750,-0.10860564900746733,-0.021929651588877757
751,-0.10870572145418882,-0.02196262705174232
752,-0.10880447530885866,-0.021996084623451206
753,-0.10890191304768851,-0.02203002541552087
754,-0.10899803749513443,-0.022064450442818722
755,-0.10909285239968591,-0.02209935988467899
756,-0.10918636118668872,-0.022134753823110694
757,-0.10927856736268977,-0.022170632270891357
758,-0.10936947500021385,-0.022206994995066013
759,-0.10945908843236693,-0.022243841786616942
760,-0.10954741201179033,-0.02228117212241813
761,-0.10963445069928084,-0.022318985362588264
762,-0.10972020947444096,-0.02235728050677861
763,-0.10980469292354327,-0.022396056697571224
764,-0.1098879062390036,-0.022435312908775127
765,-0.10996985556068625,-0.022475047611255697
766,-0.11005054711030995,-0.02251525931254458
767,-0.11012998645856797,-0.022555946363982456
768,-0.11020818029857433,-0.02259710682118168
769,-0.11028513596308213,-0.02263873852878232
770,-0.11036086019911294,-0.022680839305607176
771,-0.110435360034875,-0.022723406752956397
772,-0.11050864338510227,-0.022766438375729104
773,-0.11058071909297082,-0.022809931493639503
774,-0.11065159588349704,-0.02285388326196435
775,-0.11072128244030148,-0.02289829072824978
776,-0.110789787387989,-0.022943150536609693
777,-0.11085711981188913,-0.0229884591993386
778,-0.11092328948324895,-0.0230342134326334
779,-0.11098830566114257,-0.023080409972589273
780,-0.11105217786414102,-0.023127045153097096
781,-0.11111491644902301,-0.02317411487113242
782,-0.11117653191604464,-0.02322161525391459
783,-0.11123703534682905,-0.02326954235318851
784,-0.11129643759794221,-0.023317891956866146
785,-0.1113547497793282,-0.023366659735705363
786,-0.111411983355386,-0.023415841114126697
787,-0.11146814993961678,-0.023465431510514737
788,-0.11152326174260552,-0.02351542609677315
789,-0.11157733102862284,-0.023565820189017646
790,-0.11163036989564812,-0.023616609097986258
791,-0.11168239045374571,-0.02366778763768011
792,-0.11173340529523092,-0.023719350693524602
793,-0.11178342718401411,-0.023771293136091266
794,-0.1118324699627666,-0.02382360954190563
795,-0.11188054668855794,-0.02387629455953197
796,-0.11192767012241987,-0.0239293428592979
797,-0.1119738541022908,-0.023982748905586066
798,-0.11201911240073747,-0.024036507110347043
799,-0.11206345847273876,-0.024090611626214058
800,-0.11210690611308308,-0.024145056542795244
801,-0.11214946954354565,-0.02419983630294436
802,-0.11219116315973103,-0.024254945165484054
803,-0.1122320011302148,-0.02431037701032818
804,-0.11227199752028694,-0.024366125794346813
805,-0.11231116842975858,-0.02442218533618495
806,-0.11234951665303564,-0.024478550899367218
807,-0.11238703840833458,-0.024535218148412627
808,-0.11242373758825756,-0.02459218111627422
809,-0.11245962296008262,-0.02464943342020797
810,-0.11249470878652477,-0.02470696862921056
811,-0.11252900887996811,-0.02476478055865028
812,-0.11256253739772358,-0.024822863145183945
813,-0.11259530868124525,-0.024881210187469433
814,-0.11262733729103062,-0.024939815360055566
815,-0.11265863770973789,-0.024998672268664535
816,-0.11268922418335262,-0.02505777441806006
817,-0.11271911109668162,-0.025117115306073173
818,-0.11274831338872678,-0.025176688557077553
819,-0.11277684547262065,-0.02523648771687953
820,-0.1128047216139669,-0.02529650641194125
821,-0.1128319566134229,-0.025356738175257108
822,-0.11285856462560492,-0.02541717634747442
823,-0.11288456009010688,-0.02547781442961805
824,-0.11290995766493102,-0.02553864594126384
825,-0.1129347714718723,-0.025599664414673984
826,-0.11295901557346483,-0.02566086316888534
827,-0.11298270454903935,-0.02572223556083101
828,-0.11300585299828422,-0.025783775294083818
829,-0.11302847510751916,-0.025845475964775922
830,-0.11305058512506609,-0.025907330960692383
831,-0.11307219738849,-0.025969333771144396
832,-0.11309332612096139,-0.026031477852279085
833,-0.11311398500029747,-0.02609375674773007
834,-0.1131341877234633,-0.026156164114310956
835,-0.11315394804528693,-0.026218693498849158
836,-0.11317327922989552,-0.026281338533595107
837,-0.1131921948063749,-0.026344092743122414
838,-0.11321070877349791,-0.02640694985501751
839,-0.1132288349492816,-0.026469903695088812
840,-0.11324658634368197,-0.026532947926534184
841,-0.11326397607284565,-0.026596076451279326
842,-0.11328101733175887,-0.026659283092653942
843,-0.11329772317538264,-0.02672256161155606
844,-0.11331410670594112,-0.026785905924398973
845,-0.11333018065355698,-0.026849309964275078
846,-0.11334595768893571,-0.026912767788041064
847,-0.11336144839582811,-0.02697627322855115
848,-0.11337667519744446,-0.027039818831742345
849,-0.11339166477524071,-0.027103397798711668
850,-0.11340643450918592,-0.027167004975487966
851,-0.11342099769813986,-0.02723063500639655
852,-0.11343536125554718,-0.027294282224716537
853,-0.1134495319120033,-0.02735794111245141
854,-0.11346351769657881,-0.027421606492207446
855,-0.11347732636679791,-0.02748527303807548
856,-0.1134909647967303,-0.02754893520645177
857,-0.11350443981003637,-0.027612587715235483
858,-0.11351775928729409,-0.027676225415067375
859,-0.11353093085603659,-0.02773984288686152
860,-0.1135439616964382,-0.02780343518623779
861,-0.11355685949776963,-0.027866997518017186
862,-0.11356963150428064,-0.02793052480985399
863,-0.11358228484910117,-0.02799401215639059
864,-0.11359482694373214,-0.028057454680915528
865,-0.11360726495132831,-0.028120847716252704
866,-0.11361960603681909,-0.028184186621323038
867,-0.11363185806390576,-0.02824746644244804
868,-0.11364402899196079,-0.02831068258035178
869,-0.11365612631993667,-0.028373830724562114
870,-0.11366815763744927,-0.028436906289108152
871,-0.11368012895058019,-0.02849990482175406
872,-0.1136920558552248,-0.02856282109309732
873,-0.1137039580962206,-0.028625649644710493
874,-0.11371585044293092,-0.028688386229716215
875,-0.11372774513224326,-0.0287510271073097
876,-0.11373964958324533,-0.028813568188891546
877,-0.11375157145040027,-0.028876005328657414
878,-0.11376351826279128,-0.02893833463382043
879,-0.11377549755913816,-0.029000552050271227
880,-0.11378751636826434,-0.029062653798845584
881,-0.11379958149682148,-0.029124636298704765
882,-0.11381169958973744,-0.029186495840048527
883,-0.11382387738446427,-0.029248228886735467
884,-0.11383612140031502,-0.029309831809372085
885,-0.1138484371151831,-0.02937130094079989
886,-0.11386083034392729,-0.029432632915353345
887,-0.11387330730464128,-0.02949382445817211
888,-0.11388587359124297,-0.0295548721962401
889,-0.11389853433840759,-0.029615773043502592
890,-0.11391129473465123,-0.029676524172436065
891,-0.11392416038816962,-0.029737122447555324
892,-0.11393713680340584,-0.02979756465715415
893,-0.11395022889441507,-0.02985784809830144
894,-0.11396344147683292,-0.029917970156975175
895,-0.11397677877932644,-0.029977928036766535
896,-0.11399024485349254,-0.030037719065149883
897,-0.1140038444130867,-0.030097340677674233
898,-0.11401758147387936,-0.030156790274867423
899,-0.11403145986622282,-0.03021606543771457
900,-0.11404548362802965,-0.030275163777162377
901,-0.11405965621334732,-0.030334083021707692
902,-0.11407398080102385,-0.030392821059302234
903,-0.11408846061461826,-0.03045137566352577
904,-0.11410309916392787,-0.03050974466690058
905,-0.11411789967855662,-0.03056792601647278
906,-0.11413286513021556,-0.030625917774341153
907,-0.1141479988217297,-0.03068371810394014
908,-0.1141633034311021,-0.03074132519719078
909,-0.11417878129681179,-0.030798737248388514
910,-0.11419443534813134,-0.030855952443371054
911,-0.11421026813426162,-0.030912969261036864
912,-0.1142262812877905,-0.030969785963821633
913,-0.11424247699728353,-0.031026400982521758
914,-0.1142588578415179,-0.031082813090987017
915,-0.11427542617742392,-0.031139020682249014
916,-0.11429218377372591,-0.031195022274171588
917,-0.11430913236314319,-0.03125081672659883
918,-0.11432627382044068,-0.031306402912305194
919,-0.11434360949579599,-0.031361779543855474
920,-0.11436114077585603,-0.031416945464774144
921,-0.11437886906952124,-0.03147189970013164
922,-0.11439679536509012,-0.03152664114510465
923,-0.1144149204626771,-0.03158116880326483
924,-0.11443324586270832,-0.031635481847735986
925,-0.11445177285378669,-0.03168957944484281
926,-0.11447050203058103,-0.03174346073495641
927,-0.11448943425171386,-0.03179712487124748
928,-0.11450857037033331,-0.03185057135976016
929,-0.11452791109312903,-0.03190379959704251
930,-0.1145474567363994,-0.0319568087359838
931,-0.11456720786458574,-0.032009598169637984
932,-0.11458716423350937,-0.032062167628335504
933,-0.11460732436974184,-0.03211451660057671
934,-0.1146276872123279,-0.03216664451970147
935,-0.11464825241753358,-0.032218550891862
936,-0.11466902013004891,-0.032270235164036105
937,-0.11468999022977394,-0.032321697123383265
938,-0.11471116304639065,-0.03237293664037573
939,-0.11473253893395381,-0.03242395349028645
940,-0.11475411781316909,-0.0324747473983573
941,-0.11477589919021866,-0.03252531809887376
942,-0.11479788284384372,-0.032575665499825095
943,-0.11482006870326528,-0.032625789563209044
944,-0.11484245640472025,-0.03267569012748166
945,-0.1148650456870747,-0.0327253670990396
946,-0.11488783639728994,-0.03277482033944933
947,-0.11491082828379606,-0.032824049930345725
948,-0.11493402067956118,-0.032873056066876384
949,-0.11495741285185641,-0.03292183879331729
950,-0.11498100440342163,-0.03297039820927909
951,-0.11500479470583973,-0.033018734469485105
952,-0.11502878341592636,-0.03306684785644457
953,-0.11505297034877748,-0.03311473865981478
954,-0.11507735468992594,-0.0331624071275085
955,-0.11510193605087331,-0.03320985350398451
956,-0.11512671386969822,-0.03325707806841822
957,-0.11515168672861545,-0.03330408121886007
958,-0.11517685415302258,-0.03335086329503744
959,-0.11520221567524817,-0.03339742467594585
960,-0.11522777032100086,-0.03344376584406006
961,-0.11525351743745639,-0.033489887134167576
962,-0.11527945638211487,-0.03353578896373058
963,-0.11530558654411059,-0.03358147182595604
964,-0.11533190698369589,-0.033626936231368476
965,-0.11535841666993119,-0.033672182714534524
966,-0.11538511499375072,-0.03371721186030574
967,-0.11541200101491274,-0.03376202437885531
968,-0.11543907305707353,-0.03380662102671051
969,-0.11546632904468228,-0.03385100249666522
970,-0.11549376455561355,-0.033895169315946924
971,-0.11552137090647059,-0.03393912228710416
972,-0.1155491471710352,-0.033982861641082295
973,-0.11557709828683092,-0.034026387427523744
974,-0.11560522309852575,-0.034069701165568615
975,-0.1156335185673929,-0.03411280426220128
976,-0.1156619804822118,-0.034155697158753946
977,-0.11569060204778293,-0.034198380580524504
978,-0.11571938411526643,-0.03424085472390064
979,-0.1157483322048645,-0.03428311985789751
980,-0.1157774477819718,-0.034325177308014314
981,-0.11580673199069848,-0.0343670281422975
982,-0.11583618325712873,-0.034408673325485445
983,-0.11586579889073857,-0.034450113877208935
984,-0.11589557661125036,-0.03449135082061821
985,-0.11592551456674167,-0.03453238498122119
986,-0.11595561057411231,-0.034573217116581435
987,-0.11598586244050922,-0.03461384824088786
988,-0.11601626836449144,-0.03465427934385392
989,-0.11604682797021214,-0.03469451154634463
990,-0.11607753050603024,-0.03473454680732498
991,-0.11610836367657594,-0.03477438613695945
992,-0.11613932458126294,-0.03481402925012425
993,-0.11617041392472778,-0.034853476736989054
994,-0.11620163692761455,-0.03489273000362854
995,-0.11623299665188959,-0.03493179031402148
996,-0.11626449356610673,-0.03497065880362864
997,-0.11629612706852188,-0.0350093365975755
998,-0.11632789593828571,-0.03504782463243255
999,-0.11635979851799144,-0.035086124113824134
